label,method,eta0,trees,eta,control_logloss,test_logloss,test_accuracy,training_wall_seconds
prior_draw_00,fixed,0.05932664870288102,25,0.05932664870288102,0.6713416576385498,0.6717284917831421,0.7553866666666667,0.738755583006423
prior_draw_00,fixed,0.05932664870288102,50,0.05932664870288102,0.561028778553009,0.5626676082611084,0.77408,1.4210210830060532
prior_draw_00,fixed,0.05932664870288102,75,0.05932664870288102,0.5167659521102905,0.519558846950531,0.78328,2.1080040829983773
prior_draw_00,fixed,0.05932664870288102,100,0.05932664870288102,0.4926303029060364,0.4955291152000427,0.7905066666666667,2.753676666005049
prior_draw_00,fixed,0.05932664870288102,125,0.05932664870288102,0.47378864884376526,0.47702834010124207,0.79656,3.4187857500073733
prior_draw_00,fixed,0.05932664870288102,150,0.05932664870288102,0.4594275951385498,0.4626707434654236,0.80248,4.056872540997574
prior_draw_00,fixed,0.05932664870288102,175,0.05932664870288102,0.44858160614967346,0.4516032338142395,0.8070666666666667,4.688692791009089
prior_draw_00,fixed,0.05932664870288102,200,0.05932664870288102,0.4372759461402893,0.4403689503669739,0.8119466666666667,5.364499165996676
prior_draw_00,fixed,0.05932664870288102,225,0.05932664870288102,0.426296204328537,0.42956286668777466,0.81728,6.00806824999745
prior_draw_00,fixed,0.05932664870288102,250,0.05932664870288102,0.4153049886226654,0.4187922179698944,0.82272,6.699988125008531
prior_draw_00,fixed,0.05932664870288102,275,0.05932664870288102,0.4050096273422241,0.408401221036911,0.8288,7.364790791005362
prior_draw_00,fixed,0.05932664870288102,300,0.05932664870288102,0.3967275023460388,0.4001571834087372,0.8327733333333334,8.047474666003836
prior_draw_00,fixed,0.05932664870288102,325,0.05932664870288102,0.38891464471817017,0.39237067103385925,0.8369066666666667,8.721850166009972
prior_draw_00,fixed,0.05932664870288102,350,0.05932664870288102,0.3832680284976959,0.38674288988113403,0.8391733333333333,9.392094041002565
prior_draw_00,fixed,0.05932664870288102,375,0.05932664870288102,0.3743381202220917,0.3777375817298889,0.8441333333333333,10.081903041005717
prior_draw_00,fixed,0.05932664870288102,400,0.05932664870288102,0.36909160017967224,0.3725440502166748,0.84616,10.770951583006536
prior_draw_00,fixed,0.05932664870288102,425,0.05932664870288102,0.36363115906715393,0.36710911989212036,0.8490133333333333,11.440501000004588
prior_draw_00,fixed,0.05932664870288102,450,0.05932664870288102,0.3575509190559387,0.36097368597984314,0.8520533333333333,12.142960083001526
prior_draw_00,fixed,0.05932664870288102,475,0.05932664870288102,0.35029444098472595,0.3538108468055725,0.8547733333333334,12.825263833001372
prior_draw_00,fixed,0.05932664870288102,500,0.05932664870288102,0.3461908996105194,0.3496299982070923,0.8568266666666666,13.519210416008718
prior_draw_00,fixed,0.05932664870288102,525,0.05932664870288102,0.34124812483787537,0.34449905157089233,0.8596533333333334,14.190927415998885
prior_draw_00,fixed,0.05932664870288102,550,0.05932664870288102,0.33549797534942627,0.33880943059921265,0.8628266666666666,14.859604124998441
prior_draw_00,fixed,0.05932664870288102,575,0.05932664870288102,0.3296658396720886,0.3328060805797577,0.86616,15.57804454100551
prior_draw_00,fixed,0.05932664870288102,600,0.05932664870288102,0.32685714960098267,0.330079585313797,0.86704,16.245664540998405
prior_draw_00,fixed,0.05932664870288102,625,0.05932664870288102,0.32153984904289246,0.32475391030311584,0.86904,16.94817766601045
prior_draw_00,fixed,0.05932664870288102,650,0.05932664870288102,0.3164111375808716,0.3197445571422577,0.8718666666666667,17.635700915998314
prior_draw_00,fixed,0.05932664870288102,675,0.05932664870288102,0.3122366666793823,0.31540554761886597,0.8736533333333333,18.360205040997243
prior_draw_00,fixed,0.05932664870288102,700,0.05932664870288102,0.3078664541244507,0.31111037731170654,0.87536,19.045699291003984
prior_draw_00,fixed,0.05932664870288102,725,0.05932664870288102,0.30453020334243774,0.30776041746139526,0.87656,19.74906087500858
prior_draw_00,fixed,0.05932664870288102,750,0.05932664870288102,0.3003734350204468,0.3034599721431732,0.87848,20.446165583009133
prior_draw_00,adaptive_blocked,0.05932664870288102,25,0.08408228338784943,0.6381855010986328,0.6391175985336304,0.7614933333333334,0.7447577090060804
prior_draw_00,adaptive_blocked,0.05932664870288102,50,0.09299168143763974,0.5269215703010559,0.5294649004936218,0.7809866666666667,1.5900702090002596
prior_draw_00,adaptive_blocked,0.05932664870288102,75,0.0950990539486545,0.48660707473754883,0.48970094323158264,0.79128,2.5595611250028014
prior_draw_00,adaptive_blocked,0.05932664870288102,100,0.0973545302081106,0.4601386487483978,0.4636852741241455,0.80304,3.51655420899624
prior_draw_00,adaptive_blocked,0.05932664870288102,125,0.0982327084444304,0.44407105445861816,0.4472677707672119,0.8090933333333333,4.722490750005818
prior_draw_00,adaptive_blocked,0.05932664870288102,150,0.09962107472437368,0.4281921684741974,0.4310063421726227,0.81616,5.8056233749957755
prior_draw_00,adaptive_blocked,0.05932664870288102,175,0.1008603265168647,0.4082496762275696,0.4112841784954071,0.8259733333333333,7.2198594590008724
prior_draw_00,adaptive_blocked,0.05932664870288102,200,0.10211020265655112,0.3940254747867584,0.397207647562027,0.83328,8.432572874997277
prior_draw_00,adaptive_blocked,0.05932664870288102,225,0.10285474715463397,0.38118210434913635,0.38404032588005066,0.8403466666666667,10.109174541998073
prior_draw_00,adaptive_blocked,0.05932664870288102,250,0.10421402525615989,0.3657882511615753,0.36863765120506287,0.8484533333333333,11.549309124995489
prior_draw_00,adaptive_blocked,0.05932664870288102,275,0.10493277270293387,0.35419926047325134,0.35704120993614197,0.8533066666666667,13.50165841699345
prior_draw_00,adaptive_blocked,0.05932664870288102,300,0.10587203155510874,0.34403297305107117,0.3468405604362488,0.8581066666666667,15.089077917000395
prior_draw_00,adaptive_blocked,0.05932664870288102,325,0.10652595827729273,0.3338402211666107,0.336186945438385,0.8641866666666667,17.204659209004603
prior_draw_00,adaptive_blocked,0.05932664870288102,350,0.10725848769764589,0.3260643184185028,0.3280942738056183,0.86768,18.91046795899456
prior_draw_00,adaptive_blocked,0.05932664870288102,375,0.10778570230085342,0.317958265542984,0.32002416253089905,0.87136,21.25739933400473
prior_draw_00,adaptive_blocked,0.05932664870288102,400,0.10843772543537064,0.3109336495399475,0.31301915645599365,0.8747466666666667,23.085715084002004
prior_draw_00,adaptive_blocked,0.05932664870288102,425,0.10896356984372527,0.30263495445251465,0.3046240508556366,0.87816,25.63339149999956
prior_draw_00,adaptive_blocked,0.05932664870288102,450,0.10967477889927617,0.29521700739860535,0.29712924361228943,0.8816533333333333,27.650059916995815
prior_draw_00,adaptive_blocked,0.05932664870288102,475,0.11023068527774826,0.28708311915397644,0.2891550660133362,0.8855466666666667,30.378840000004857
prior_draw_00,adaptive_blocked,0.05932664870288102,500,0.11078794992497151,0.28126806020736694,0.28345808386802673,0.8875733333333333,32.48249179200502
prior_draw_00,adaptive_blocked,0.05932664870288102,525,0.11108501258580947,0.2763720750808716,0.2785946726799011,0.8897066666666666,35.386322791993734
prior_draw_00,adaptive_blocked,0.05932664870288102,550,0.11176972563310944,0.2690390348434448,0.27083587646484375,0.89432,37.6491675839934
prior_draw_00,adaptive_blocked,0.05932664870288102,575,0.11202318751053124,0.2652384042739868,0.2671298682689667,0.8957333333333334,40.82944299999508
prior_draw_00,adaptive_blocked,0.05932664870288102,600,0.11239426734637231,0.2613220810890198,0.2630652189254761,0.8975733333333333,43.284702417004155
prior_draw_00,adaptive_blocked,0.05932664870288102,625,0.11262356302259666,0.25774693489074707,0.25955525040626526,0.8986133333333334,46.76147016699542
prior_draw_00,adaptive_blocked,0.05932664870288102,650,0.11305219371120825,0.25322669744491577,0.2552665174007416,0.9013866666666667,49.40713775000768
prior_draw_00,adaptive_blocked,0.05932664870288102,675,0.11342224054109916,0.24795250594615936,0.24995172023773193,0.90432,53.13711004200741
prior_draw_00,adaptive_blocked,0.05932664870288102,700,0.1137932806414838,0.24415640532970428,0.24634312093257904,0.90584,55.944363709000754
prior_draw_00,adaptive_blocked,0.05932664870288102,725,0.1140467044639615,0.24058838188648224,0.2428121417760849,0.9068266666666667,59.81312354200054
prior_draw_00,adaptive_blocked,0.05932664870288102,750,0.11430375981315954,0.23792614042758942,0.24005651473999023,0.9083466666666666,62.70212724999874
prior_draw_01,fixed,0.13549924068595431,25,0.13549924068595431,0.5413684248924255,0.5429279208183289,0.7785333333333333,0.6831697919988073
prior_draw_01,fixed,0.13549924068595431,50,0.13549924068595431,0.47902384400367737,0.48164573311805725,0.7967466666666667,1.3404274999920744
prior_draw_01,fixed,0.13549924068595431,75,0.13549924068595431,0.4475265145301819,0.45037248730659485,0.8091466666666667,2.0033374589984305
prior_draw_01,fixed,0.13549924068595431,100,0.13549924068595431,0.42191827297210693,0.4248943626880646,0.82056,2.661801459005801
prior_draw_01,fixed,0.13549924068595431,125,0.13549924068595431,0.3976573050022125,0.4006969928741455,0.8323733333333333,3.3630949999933364
prior_draw_01,fixed,0.13549924068595431,150,0.13549924068595431,0.3783279359340668,0.3812151253223419,0.8442133333333334,4.037419375003083
prior_draw_01,fixed,0.13549924068595431,175,0.13549924068595431,0.3618158996105194,0.3648073971271515,0.8512533333333333,4.730965209004353
prior_draw_01,fixed,0.13549924068595431,200,0.13549924068595431,0.34637489914894104,0.34937503933906555,0.8582933333333334,5.424916959003895
prior_draw_01,fixed,0.13549924068595431,225,0.13549924068595431,0.33478349447250366,0.33756086230278015,0.8638133333333333,6.138633791997563
prior_draw_01,fixed,0.13549924068595431,250,0.13549924068595431,0.3225613534450531,0.32534822821617126,0.8692266666666667,6.8357558339921525
prior_draw_01,fixed,0.13549924068595431,275,0.13549924068595431,0.3102508783340454,0.3128175139427185,0.87512,7.5590194999967935
prior_draw_01,fixed,0.13549924068595431,300,0.13549924068595431,0.301144540309906,0.3034496009349823,0.8796,8.25165470900538
prior_draw_01,fixed,0.13549924068595431,325,0.13549924068595431,0.2931405007839203,0.29504579305648804,0.8835466666666667,8.96451883399277
prior_draw_01,fixed,0.13549924068595431,350,0.13549924068595431,0.2855948507785797,0.2875089645385742,0.8873333333333333,9.669874958999571
prior_draw_01,fixed,0.13549924068595431,375,0.13549924068595431,0.2775688171386719,0.2794918417930603,0.8903733333333333,10.388760999994702
prior_draw_01,fixed,0.13549924068595431,400,0.13549924068595431,0.26823481917381287,0.270275741815567,0.8961066666666667,11.096708666998893
prior_draw_01,fixed,0.13549924068595431,425,0.13549924068595431,0.26308712363243103,0.264965683221817,0.8984,11.808480584004428
prior_draw_01,fixed,0.13549924068595431,450,0.13549924068595431,0.2580646872520447,0.25996527075767517,0.90048,12.495433499992942
prior_draw_01,fixed,0.13549924068595431,475,0.13549924068595431,0.2526470720767975,0.2544400095939636,0.9029333333333334,13.196561874996405
prior_draw_01,fixed,0.13549924068595431,500,0.13549924068595431,0.24634325504302979,0.2481308877468109,0.9050666666666667,13.898078250000253
prior_draw_01,fixed,0.13549924068595431,525,0.13549924068595431,0.2418903112411499,0.24351784586906433,0.9082666666666667,14.591089791996637
prior_draw_01,fixed,0.13549924068595431,550,0.13549924068595431,0.23724833130836487,0.23888294398784637,0.9099466666666667,15.307721624994883
prior_draw_01,fixed,0.13549924068595431,575,0.13549924068595431,0.23347684741020203,0.23528322577476501,0.91104,15.994137624991708
prior_draw_01,fixed,0.13549924068595431,600,0.13549924068595431,0.2303742915391922,0.2321816086769104,0.91184,16.698151167001924
prior_draw_01,fixed,0.13549924068595431,625,0.13549924068595431,0.2266327142715454,0.22834861278533936,0.9139466666666667,17.400628083996708
prior_draw_01,fixed,0.13549924068595431,650,0.13549924068595431,0.2244318276643753,0.22605209052562714,0.91488,18.100734084000578
prior_draw_01,fixed,0.13549924068595431,675,0.13549924068595431,0.22217315435409546,0.22369278967380524,0.91552,18.786452291999012
prior_draw_01,fixed,0.13549924068595431,700,0.13549924068595431,0.21803916990756989,0.21949338912963867,0.9178933333333333,19.512353208992863
prior_draw_01,fixed,0.13549924068595431,725,0.13549924068595431,0.21481622755527496,0.21639414131641388,0.9189066666666666,20.21897208399605
prior_draw_01,fixed,0.13549924068595431,750,0.13549924068595431,0.21282239258289337,0.2142297327518463,0.91984,20.92132199999469
prior_draw_01,adaptive_blocked,0.13549924068595431,25,0.18571639320692065,0.5229158401489258,0.5248396992683411,0.7833066666666667,0.7668948750069831
prior_draw_01,adaptive_blocked,0.13549924068595431,50,0.19667994179932036,0.45670199394226074,0.4593479633331299,0.8041066666666666,1.554016624999349
prior_draw_01,adaptive_blocked,0.13549924068595431,75,0.20015873553679503,0.4229919910430908,0.4257945716381073,0.8180533333333333,2.5111040829942795
prior_draw_01,adaptive_blocked,0.13549924068595431,100,0.20675741711733725,0.38449087738990784,0.3875429630279541,0.83808,3.453749249994871
prior_draw_01,adaptive_blocked,0.13549924068595431,125,0.20995759636452963,0.35983383655548096,0.36229488253593445,0.8508,4.649960750000901
prior_draw_01,adaptive_blocked,0.13549924068595431,150,0.2139639974505197,0.3352935016155243,0.33753103017807007,0.86232,5.741962041007355
prior_draw_01,adaptive_blocked,0.13549924068595431,175,0.21630362569891481,0.31734755635261536,0.31958505511283875,0.8705866666666666,7.151420958005474
prior_draw_01,adaptive_blocked,0.13549924068595431,200,0.2195229280394876,0.29838019609451294,0.30054807662963867,0.8796533333333333,8.422597665994545
prior_draw_01,adaptive_blocked,0.13549924068595431,225,0.22119664740866204,0.2842789888381958,0.28693583607673645,0.8854666666666666,10.049035957999877
prior_draw_01,adaptive_blocked,0.13549924068595431,250,0.22341885527063116,0.2731614112854004,0.27593740820884705,0.8907733333333333,11.445067291002488
prior_draw_01,adaptive_blocked,0.13549924068595431,275,0.2247829428741123,0.2625063359737396,0.2654992640018463,0.89608,13.302584541001124
prior_draw_01,adaptive_blocked,0.13549924068595431,300,0.22646653779346207,0.25365281105041504,0.25653165578842163,0.90048,14.84069900000759
prior_draw_01,adaptive_blocked,0.13549924068595431,325,0.22768027282181122,0.24460510909557343,0.246969535946846,0.9046933333333333,16.90135712499614
prior_draw_01,adaptive_blocked,0.13549924068595431,350,0.229063526630721,0.23719848692417145,0.23935885727405548,0.9077866666666666,18.580830541002797
prior_draw_01,adaptive_blocked,0.13549924068595431,375,0.22986837832196547,0.2310076504945755,0.23323215544223785,0.9102133333333333,20.846339166004327
prior_draw_01,adaptive_blocked,0.13549924068595431,400,0.23095687675086038,0.22522947192192078,0.2273770272731781,0.91296,22.70787891600048
prior_draw_01,adaptive_blocked,0.13549924068595431,425,0.2318985957018216,0.21797171235084534,0.22029083967208862,0.91664,25.28044366600807
prior_draw_01,adaptive_blocked,0.13549924068595431,450,0.23296657403170687,0.21256527304649353,0.21483445167541504,0.9188,27.26870354100538
prior_draw_01,adaptive_blocked,0.13549924068595431,475,0.23358404208741582,0.20774218440055847,0.20999853312969208,0.9210133333333334,30.00347245800367
prior_draw_01,adaptive_blocked,0.13549924068595431,500,0.2343066724505362,0.20412109792232513,0.2061784714460373,0.9226666666666666,32.15071945800446
prior_draw_01,adaptive_blocked,0.13549924068595431,525,0.23475760885887348,0.20038765668869019,0.20250841975212097,0.92456,35.1284002080065
prior_draw_01,adaptive_blocked,0.13549924068595431,550,0.23554475397862004,0.196260005235672,0.1984003484249115,0.9260266666666667,37.42353212500166
prior_draw_01,adaptive_blocked,0.13549924068595431,575,0.23589314189255783,0.19356444478034973,0.19575414061546326,0.9274666666666667,40.648088000001735
prior_draw_01,adaptive_blocked,0.13549924068595431,600,0.2365752270216916,0.189758762717247,0.1923767626285553,0.92848,43.07148979100748
prior_draw_01,adaptive_blocked,0.13549924068595431,625,0.23696621917870914,0.18634982407093048,0.1890515685081482,0.9292533333333334,46.52191058300377
prior_draw_01,adaptive_blocked,0.13549924068595431,650,0.23755332938508236,0.18351341784000397,0.18607087433338165,0.9305866666666667,49.113826957996935
prior_draw_01,adaptive_blocked,0.13549924068595431,675,0.23778335681986065,0.1813262701034546,0.18377622961997986,0.93152,52.77542341599474
prior_draw_01,adaptive_blocked,0.13549924068595431,700,0.23831267152852717,0.1786673367023468,0.18117468059062958,0.93304,55.51389829099935
prior_draw_01,adaptive_blocked,0.13549924068595431,725,0.23855330086373383,0.17670492827892303,0.17911800742149353,0.93392,59.35480375000043
prior_draw_01,adaptive_blocked,0.13549924068595431,750,0.23894175569848217,0.17455080151557922,0.17694354057312012,0.9348266666666667,62.27040737500647
prior_draw_02,fixed,0.36697752501596925,25,0.36697752501596925,0.45196884870529175,0.45548155903816223,0.8026666666666666,0.6877284579968546
prior_draw_02,fixed,0.36697752501596925,50,0.36697752501596925,0.38822805881500244,0.3900136947631836,0.8376,1.3887764579994837
prior_draw_02,fixed,0.36697752501596925,75,0.36697752501596925,0.3454400897026062,0.34701329469680786,0.85752,2.086752167000668
prior_draw_02,fixed,0.36697752501596925,100,0.36697752501596925,0.3092219829559326,0.31045714020729065,0.8741066666666667,2.895169583003735
prior_draw_02,fixed,0.36697752501596925,125,0.36697752501596925,0.283136785030365,0.2845000922679901,0.8873066666666667,3.6046345829963684
prior_draw_02,fixed,0.36697752501596925,150,0.36697752501596925,0.2611972689628601,0.26238808035850525,0.8982133333333333,4.350396207999438
prior_draw_02,fixed,0.36697752501596925,175,0.36697752501596925,0.24596522748470306,0.24720396101474762,0.9050933333333333,5.058033499997691
prior_draw_02,fixed,0.36697752501596925,200,0.36697752501596925,0.233910471200943,0.2346457540988922,0.9101333333333333,5.777697957993951
prior_draw_02,fixed,0.36697752501596925,225,0.36697752501596925,0.22412702441215515,0.22517791390419006,0.9138133333333334,6.482270207998226
prior_draw_02,fixed,0.36697752501596925,250,0.36697752501596925,0.21496154367923737,0.21644729375839233,0.91864,7.202940083006979
prior_draw_02,fixed,0.36697752501596925,275,0.36697752501596925,0.20776262879371643,0.20947536826133728,0.9211466666666667,7.911720917007187
prior_draw_02,fixed,0.36697752501596925,300,0.36697752501596925,0.20048505067825317,0.20203889906406403,0.92392,8.633765624996158
prior_draw_02,fixed,0.36697752501596925,325,0.36697752501596925,0.19605283439159393,0.19729961454868317,0.9259466666666667,9.318510583005263
prior_draw_02,fixed,0.36697752501596925,350,0.36697752501596925,0.19223226606845856,0.19355304539203644,0.9279733333333333,10.034603207997861
prior_draw_02,fixed,0.36697752501596925,375,0.36697752501596925,0.18849892914295197,0.18956713378429413,0.9297066666666667,10.726811875007115
prior_draw_02,fixed,0.36697752501596925,400,0.36697752501596925,0.1842266470193863,0.18531882762908936,0.9314133333333333,11.418326125000021
prior_draw_02,fixed,0.36697752501596925,425,0.36697752501596925,0.18048477172851562,0.1816045045852661,0.9327466666666666,12.144459000002826
prior_draw_02,fixed,0.36697752501596925,450,0.36697752501596925,0.17617852985858917,0.17744891345500946,0.93456,12.845139249999193
prior_draw_02,fixed,0.36697752501596925,475,0.36697752501596925,0.1739630252122879,0.1750323623418808,0.93568,13.540806542005157
prior_draw_02,fixed,0.36697752501596925,500,0.36697752501596925,0.1704949289560318,0.17151498794555664,0.9365866666666667,14.232575332993292
prior_draw_02,fixed,0.36697752501596925,525,0.36697752501596925,0.16862158477306366,0.16951315104961395,0.9374666666666667,14.94522437499836
prior_draw_02,fixed,0.36697752501596925,550,0.36697752501596925,0.166731595993042,0.1675306260585785,0.9382666666666667,15.642356374999508
prior_draw_02,fixed,0.36697752501596925,575,0.36697752501596925,0.16463717818260193,0.165008544921875,0.9397066666666667,16.35247604199685
prior_draw_02,fixed,0.36697752501596925,600,0.36697752501596925,0.16307595372200012,0.16349779069423676,0.94032,17.044631625001784
prior_draw_02,fixed,0.36697752501596925,625,0.36697752501596925,0.1610666960477829,0.1614164561033249,0.94096,17.75085370799934
prior_draw_02,fixed,0.36697752501596925,650,0.36697752501596925,0.15894371271133423,0.15976323187351227,0.9416,18.444334667001385
prior_draw_02,fixed,0.36697752501596925,675,0.36697752501596925,0.15764743089675903,0.15831901133060455,0.9418133333333333,19.147556166994036
prior_draw_02,fixed,0.36697752501596925,700,0.36697752501596925,0.15645867586135864,0.15698938071727753,0.9424,19.84091504200478
prior_draw_02,fixed,0.36697752501596925,725,0.36697752501596925,0.15538346767425537,0.1560436487197876,0.9432,20.542026499999338
prior_draw_02,fixed,0.36697752501596925,750,0.36697752501596925,0.15475817024707794,0.15522244572639465,0.9431733333333333,21.21577941700525
prior_draw_02,adaptive_blocked,0.36697752501596925,25,0.5015975666421846,0.44267749786376953,0.4457642734050751,0.8058933333333334,0.7652287500095554
prior_draw_02,adaptive_blocked,0.36697752501596925,50,0.5645328758117423,0.3542616367340088,0.35745924711227417,0.8535733333333333,1.6013944590085885
prior_draw_02,adaptive_blocked,0.36697752501596925,75,0.5964572660721725,0.2930590510368347,0.29586634039878845,0.8818666666666667,2.6356001250096597
prior_draw_02,adaptive_blocked,0.36697752501596925,100,0.6246200779304129,0.259658545255661,0.2627406716346741,0.8964,3.6430542500020238
prior_draw_02,adaptive_blocked,0.36697752501596925,125,0.6368805276441735,0.2346733659505844,0.23747536540031433,0.9089333333333334,4.890488292003283
prior_draw_02,adaptive_blocked,0.36697752501596925,150,0.6526339462586459,0.2152060717344284,0.2175169587135315,0.91784,6.034646709013032
prior_draw_02,adaptive_blocked,0.36697752501596925,175,0.6583070692957002,0.20339947938919067,0.20515252649784088,0.92312,7.485803667004802
prior_draw_02,adaptive_blocked,0.36697752501596925,200,0.6649261835966879,0.1939927637577057,0.19600360095500946,0.92576,8.761665542013361
prior_draw_02,adaptive_blocked,0.36697752501596925,225,0.668029353491131,0.18735966086387634,0.1894715577363968,0.92792,10.460438292007893
prior_draw_02,adaptive_blocked,0.36697752501596925,250,0.6707716250712941,0.18187984824180603,0.1829887181520462,0.9309333333333333,11.900020625005709
prior_draw_02,adaptive_blocked,0.36697752501596925,275,0.6736045826468968,0.17528130114078522,0.17592452466487885,0.93416,13.790234584012069
prior_draw_02,adaptive_blocked,0.36697752501596925,300,0.6766493286413208,0.16950172185897827,0.17058348655700684,0.9370933333333333,15.384251417010091
prior_draw_02,adaptive_blocked,0.36697752501596925,325,0.6777110667497463,0.16545569896697998,0.1666218489408493,0.9387466666666666,17.53500366699882
prior_draw_02,adaptive_blocked,0.36697752501596925,350,0.6786109030631085,0.162857785820961,0.16381461918354034,0.93944,19.286227959004464
prior_draw_02,adaptive_blocked,0.36697752501596925,375,0.6790257995927309,0.1601095199584961,0.16111372411251068,0.9414933333333333,21.64223275000404
prior_draw_02,adaptive_blocked,0.36697752501596925,400,0.6793772370024278,0.15834395587444305,0.15925095975399017,0.9423466666666667,23.627394542010734
prior_draw_02,adaptive_blocked,0.36697752501596925,425,0.6798246468029924,0.15623927116394043,0.15786153078079224,0.94272,26.199293375000707
prior_draw_02,adaptive_blocked,0.36697752501596925,450,0.6799217077655026,0.15454526245594025,0.15645074844360352,0.9442666666666667,28.249607834004564
prior_draw_02,adaptive_blocked,0.36697752501596925,475,0.6801289192165731,0.15318892896175385,0.1555781215429306,0.9449333333333333,31.0802724170062
prior_draw_02,adaptive_blocked,0.36697752501596925,500,0.6796435049742114,0.1520499438047409,0.1546873152256012,0.9450933333333333,33.29148045901093
prior_draw_02,adaptive_blocked,0.36697752501596925,525,0.6787763659201146,0.1522694081068039,0.15509776771068573,0.9448533333333333,36.32941929200024
prior_draw_02,adaptive_blocked,0.36697752501596925,550,0.6785150544074069,0.1511479616165161,0.1541653573513031,0.94552,38.70787566700892
prior_draw_02,adaptive_blocked,0.36697752501596925,575,0.6778688187905882,0.15084294974803925,0.15391385555267334,0.9461333333333334,41.97942862501077
prior_draw_02,adaptive_blocked,0.36697752501596925,600,0.6771859933603164,0.15062381327152252,0.15389224886894226,0.94592,44.4711196670105
prior_draw_02,adaptive_blocked,0.36697752501596925,625,0.6769357742809765,0.1499866247177124,0.15354087948799133,0.9466666666666667,47.916080834009335
prior_draw_02,adaptive_blocked,0.36697752501596925,650,0.676132241696377,0.15009288489818573,0.15322047472000122,0.9472533333333333,50.57839358400088
prior_draw_02,adaptive_blocked,0.36697752501596925,675,0.6758428607977873,0.1495368927717209,0.15289436280727386,0.9469066666666667,54.182866125003784
prior_draw_02,adaptive_blocked,0.36697752501596925,700,0.6754439792708945,0.1491914540529251,0.15252624452114105,0.94752,56.8880229589995
prior_draw_02,adaptive_blocked,0.36697752501596925,725,0.6750822639269565,0.14917564392089844,0.15276691317558289,0.9474666666666667,60.672537709004246
prior_draw_02,adaptive_blocked,0.36697752501596925,750,0.6739432619925003,0.1495739072561264,0.1528480499982834,0.9473066666666666,63.530962542005
prior_draw_03,fixed,0.6166301227584332,25,0.6166301227584332,0.4267151951789856,0.4260357618331909,0.8276,0.6922173750062939
prior_draw_03,fixed,0.6166301227584332,50,0.6166301227584332,0.344768762588501,0.33995500206947327,0.8658133333333333,1.423561959003564
prior_draw_03,fixed,0.6166301227584332,75,0.6166301227584332,0.29396530985832214,0.2900821268558502,0.8908,2.1379922089981847
prior_draw_03,fixed,0.6166301227584332,100,0.6166301227584332,0.26727691292762756,0.2649824619293213,0.9011733333333334,2.8472064590023365
prior_draw_03,fixed,0.6166301227584332,125,0.6166301227584332,0.24488869309425354,0.24293473362922668,0.9101066666666666,3.5618741670041345
prior_draw_03,fixed,0.6166301227584332,150,0.6166301227584332,0.23103933036327362,0.22905674576759338,0.9153333333333333,4.266989875002764
prior_draw_03,fixed,0.6166301227584332,175,0.6166301227584332,0.21930178999900818,0.21666018664836884,0.92128,4.978768458997365
prior_draw_03,fixed,0.6166301227584332,200,0.6166301227584332,0.2118082344532013,0.20971179008483887,0.9240266666666667,5.6976667499984615
prior_draw_03,fixed,0.6166301227584332,225,0.6166301227584332,0.20417854189872742,0.20140127837657928,0.9269066666666667,6.404890749996412
prior_draw_03,fixed,0.6166301227584332,250,0.6166301227584332,0.1966802179813385,0.19387872517108917,0.9302666666666667,7.137416042009136
prior_draw_03,fixed,0.6166301227584332,275,0.6166301227584332,0.19043046236038208,0.1881387084722519,0.93304,7.835168667006656
prior_draw_03,fixed,0.6166301227584332,300,0.6166301227584332,0.18676987290382385,0.18385255336761475,0.9339466666666667,8.548794959002407
prior_draw_03,fixed,0.6166301227584332,325,0.6166301227584332,0.18342064321041107,0.18124961853027344,0.93584,9.246280250008567
prior_draw_03,fixed,0.6166301227584332,350,0.6166301227584332,0.18010041117668152,0.1778939813375473,0.9362666666666667,9.961410125004477
prior_draw_03,fixed,0.6166301227584332,375,0.6166301227584332,0.17685630917549133,0.17495666444301605,0.938,10.661575417005224
prior_draw_03,fixed,0.6166301227584332,400,0.6166301227584332,0.17491298913955688,0.17370277643203735,0.9391733333333333,11.370857084009913
prior_draw_03,fixed,0.6166301227584332,425,0.6166301227584332,0.1728564202785492,0.17152638733386993,0.94024,12.052944750001188
prior_draw_03,fixed,0.6166301227584332,450,0.6166301227584332,0.1711418181657791,0.16981595754623413,0.9410133333333334,12.752485334000085
prior_draw_03,fixed,0.6166301227584332,475,0.6166301227584332,0.16960301995277405,0.1686132252216339,0.9418133333333333,13.44104420900112
prior_draw_03,fixed,0.6166301227584332,500,0.6166301227584332,0.1684528887271881,0.16732090711593628,0.94296,14.143771999995806
prior_draw_03,fixed,0.6166301227584332,525,0.6166301227584332,0.1676972657442093,0.1661500483751297,0.9438933333333334,14.823994334001327
prior_draw_03,fixed,0.6166301227584332,550,0.6166301227584332,0.16722610592842102,0.16598764061927795,0.9433866666666667,15.529196792005678
prior_draw_03,fixed,0.6166301227584332,575,0.6166301227584332,0.16614103317260742,0.16476866602897644,0.9433066666666666,16.215287041995907
prior_draw_03,fixed,0.6166301227584332,600,0.6166301227584332,0.16528435051441193,0.16418865323066711,0.94344,16.897914542001672
prior_draw_03,fixed,0.6166301227584332,625,0.6166301227584332,0.16501763463020325,0.16409435868263245,0.94384,17.59122254200338
prior_draw_03,fixed,0.6166301227584332,650,0.6166301227584332,0.16427560150623322,0.16424773633480072,0.94432,18.2724553750013
prior_draw_03,fixed,0.6166301227584332,675,0.6166301227584332,0.16386321187019348,0.16396577656269073,0.9444266666666666,18.97393504199863
prior_draw_03,fixed,0.6166301227584332,700,0.6166301227584332,0.1631324142217636,0.1634221374988556,0.94472,19.6566815420083
prior_draw_03,fixed,0.6166301227584332,725,0.6166301227584332,0.16288496553897858,0.16248059272766113,0.9451733333333333,20.336007042002166
prior_draw_03,fixed,0.6166301227584332,750,0.6166301227584332,0.1629231572151184,0.1631796658039093,0.94552,20.996366459003184
prior_draw_03,adaptive_blocked,0.6166301227584332,25,0.8,0.4048251211643219,0.40639469027519226,0.83576,0.7702897080016555
prior_draw_03,adaptive_blocked,0.6166301227584332,50,0.8,0.31262969970703125,0.3126387596130371,0.8781866666666667,1.6356760829949053
prior_draw_03,adaptive_blocked,0.6166301227584332,75,0.8,0.2731786370277405,0.273042768239975,0.8958666666666667,2.6316306249937043
prior_draw_03,adaptive_blocked,0.6166301227584332,100,0.8,0.24566639959812164,0.2428291141986847,0.9101866666666667,3.623187624994898
prior_draw_03,adaptive_blocked,0.6166301227584332,125,0.8,0.22673341631889343,0.22564125061035156,0.9180533333333334,4.860466041995096
prior_draw_03,adaptive_blocked,0.6166301227584332,150,0.8,0.2140118032693863,0.21220114827156067,0.92384,5.982759749997058
prior_draw_03,adaptive_blocked,0.6166301227584332,175,0.8,0.20502352714538574,0.2039605975151062,0.92664,7.405470792000415
prior_draw_03,adaptive_blocked,0.6166301227584332,200,0.8,0.19748814404010773,0.19649338722229004,0.9298666666666666,8.65674962499179
prior_draw_03,adaptive_blocked,0.6166301227584332,225,0.8,0.1916094720363617,0.19086763262748718,0.9326933333333334,10.337287499991362
prior_draw_03,adaptive_blocked,0.6166301227584332,250,0.7989164389886348,0.18753498792648315,0.1869080662727356,0.9342666666666667,11.742852166993544
prior_draw_03,adaptive_blocked,0.6166301227584332,275,0.8,0.18402990698814392,0.18381096422672272,0.9361866666666666,13.623276083002565
prior_draw_03,adaptive_blocked,0.6166301227584332,300,0.8,0.1806720644235611,0.18100731074810028,0.93808,15.211440375001985
prior_draw_03,adaptive_blocked,0.6166301227584332,325,0.7999219840280699,0.17805594205856323,0.17791108787059784,0.93944,17.32322700000077
prior_draw_03,adaptive_blocked,0.6166301227584332,350,0.7993675649326578,0.1762482076883316,0.17566953599452972,0.94112,19.02740370799438
prior_draw_03,adaptive_blocked,0.6166301227584332,375,0.7987406948802079,0.17421762645244598,0.17413897812366486,0.9418133333333333,21.35111129199504
prior_draw_03,adaptive_blocked,0.6166301227584332,400,0.7979174793172097,0.17283090949058533,0.17322975397109985,0.9421066666666666,23.176826583003276
prior_draw_03,adaptive_blocked,0.6166301227584332,425,0.7955576833765104,0.1724320650100708,0.17219224572181702,0.9425066666666667,25.725293750001583
prior_draw_03,adaptive_blocked,0.6166301227584332,450,0.7931853215875764,0.17184236645698547,0.17183265089988708,0.9430666666666667,27.689258083002642
prior_draw_03,adaptive_blocked,0.6166301227584332,475,0.7917467929314251,0.17110346257686615,0.17145466804504395,0.9438666666666666,30.400502541990136
prior_draw_03,adaptive_blocked,0.6166301227584332,500,0.7880697254308009,0.17098765075206757,0.17125126719474792,0.9441333333333334,32.511454166990006
prior_draw_03,adaptive_blocked,0.6166301227584332,525,0.7871249382540925,0.17040692269802094,0.17061008512973785,0.94472,35.44381254199834
prior_draw_03,adaptive_blocked,0.6166301227584332,550,0.7832140144150023,0.17055384814739227,0.17091679573059082,0.94504,37.70920333299728
prior_draw_03,adaptive_blocked,0.6166301227584332,575,0.780930615908411,0.17069609463214874,0.17052429914474487,0.9458133333333333,40.81695712500368
prior_draw_03,adaptive_blocked,0.6166301227584332,600,0.7776569309204533,0.17100317776203156,0.17080023884773254,0.9458666666666666,43.205983332998585
prior_draw_03,adaptive_blocked,0.6166301227584332,625,0.7760246349602633,0.17105475068092346,0.1704920530319214,0.94624,46.64294150000205
prior_draw_03,adaptive_blocked,0.6166301227584332,650,0.7738775887474837,0.17103558778762817,0.17018143832683563,0.9462666666666667,49.18097449999186
prior_draw_03,adaptive_blocked,0.6166301227584332,675,0.7726998597283711,0.17094586789608002,0.17005953192710876,0.9464,52.731272791992524
prior_draw_03,adaptive_blocked,0.6166301227584332,700,0.7693706198821789,0.1713128238916397,0.17024651169776917,0.9464533333333334,55.72657058299228
prior_draw_03,adaptive_blocked,0.6166301227584332,725,0.7684378014596359,0.17132094502449036,0.17056314647197723,0.94672,59.572764999989886
prior_draw_03,adaptive_blocked,0.6166301227584332,750,0.7657204025155111,0.17159533500671387,0.17060089111328125,0.9467466666666666,62.41069920799055
prior_draw_04,fixed,0.24082434943414585,25,0.24082434943414585,0.4870898425579071,0.4893934428691864,0.79152,0.7185542079969309
prior_draw_04,fixed,0.24082434943414585,50,0.24082434943414585,0.43251991271972656,0.43429383635520935,0.8133066666666666,1.4416981669928646
prior_draw_04,fixed,0.24082434943414585,75,0.24082434943414585,0.39106643199920654,0.3928395211696625,0.83528,2.159049457986839
prior_draw_04,fixed,0.24082434943414585,100,0.24082434943414585,0.3603764474391937,0.36207929253578186,0.8498133333333333,2.9140043329971377
prior_draw_04,fixed,0.24082434943414585,125,0.24082434943414585,0.33248600363731384,0.3348996639251709,0.8637066666666666,3.638094750000164
prior_draw_04,fixed,0.24082434943414585,150,0.24082434943414585,0.3133840560913086,0.3153843283653259,0.87256,4.377412041998468
prior_draw_04,fixed,0.24082434943414585,175,0.24082434943414585,0.29592186212539673,0.2981216609477997,0.8812,5.10667308299162
prior_draw_04,fixed,0.24082434943414585,200,0.24082434943414585,0.282021701335907,0.2840069532394409,0.8878133333333333,5.844320832999074
prior_draw_04,fixed,0.24082434943414585,225,0.24082434943414585,0.2669926583766937,0.2694814205169678,0.8946666666666667,6.570853499986697
prior_draw_04,fixed,0.24082434943414585,250,0.24082434943414585,0.2562912404537201,0.25879308581352234,0.8998933333333333,7.310843999992358
prior_draw_04,fixed,0.24082434943414585,275,0.24082434943414585,0.2468576580286026,0.24995338916778564,0.90464,8.031582582989358
prior_draw_04,fixed,0.24082434943414585,300,0.24082434943414585,0.23802582919597626,0.24115124344825745,0.9077066666666667,8.74076691699156
prior_draw_04,fixed,0.24082434943414585,325,0.24082434943414585,0.23229442536830902,0.235136017203331,0.9101866666666667,9.469748249990516
prior_draw_04,fixed,0.24082434943414585,350,0.24082434943414585,0.22403617203235626,0.22695715725421906,0.9143733333333334,10.184696291995351
prior_draw_04,fixed,0.24082434943414585,375,0.24082434943414585,0.21729835867881775,0.21995770931243896,0.9178133333333334,10.924947874998907
prior_draw_04,fixed,0.24082434943414585,400,0.24082434943414585,0.21335548162460327,0.21612724661827087,0.9193066666666667,11.601787541992962
prior_draw_04,fixed,0.24082434943414585,425,0.24082434943414585,0.20734788477420807,0.21016836166381836,0.92184,12.332829749997472
prior_draw_04,fixed,0.24082434943414585,450,0.24082434943414585,0.2019989788532257,0.2047376185655594,0.9244533333333333,13.048411707990454
prior_draw_04,fixed,0.24082434943414585,475,0.24082434943414585,0.1986817866563797,0.20156434178352356,0.926,13.773374332988169
prior_draw_04,fixed,0.24082434943414585,500,0.24082434943414585,0.1957695633172989,0.19836518168449402,0.92736,14.469274082992342
prior_draw_04,fixed,0.24082434943414585,525,0.24082434943414585,0.1932188868522644,0.19579364359378815,0.9278933333333333,15.185461999994004
prior_draw_04,fixed,0.24082434943414585,550,0.24082434943414585,0.18906593322753906,0.1919700652360916,0.92944,15.88535787499859
prior_draw_04,fixed,0.24082434943414585,575,0.24082434943414585,0.1857587993144989,0.18866805732250214,0.9305333333333333,16.611078791989712
prior_draw_04,fixed,0.24082434943414585,600,0.24082434943414585,0.18352854251861572,0.1864364594221115,0.9318666666666666,17.316297707991907
prior_draw_04,fixed,0.24082434943414585,625,0.24082434943414585,0.18135914206504822,0.18383821845054626,0.9329866666666666,18.017542292000144
prior_draw_04,fixed,0.24082434943414585,650,0.24082434943414585,0.17930833995342255,0.18183715641498566,0.93336,18.737366124987602
prior_draw_04,fixed,0.24082434943414585,675,0.24082434943414585,0.17655666172504425,0.17904306948184967,0.9348,19.429034999993746
prior_draw_04,fixed,0.24082434943414585,700,0.24082434943414585,0.1746041476726532,0.17688365280628204,0.9354666666666667,20.14096087499638
prior_draw_04,fixed,0.24082434943414585,725,0.24082434943414585,0.17219556868076324,0.1746530681848526,0.9367466666666666,20.847346707989345
prior_draw_04,fixed,0.24082434943414585,750,0.24082434943414585,0.17046871781349182,0.17313402891159058,0.9372266666666667,21.58130020799581
prior_draw_04,adaptive_blocked,0.24082434943414585,25,0.32657008188343806,0.47205108404159546,0.4742977023124695,0.79848,0.7920655830093892
prior_draw_04,adaptive_blocked,0.24082434943414585,50,0.35198005273417543,0.40071555972099304,0.4020390808582306,0.8313333333333334,1.6102593330142554
prior_draw_04,adaptive_blocked,0.24082434943414585,75,0.36473673201060103,0.35251638293266296,0.3531787395477295,0.85536,2.630076583009213
prior_draw_04,adaptive_blocked,0.24082434943414585,100,0.3785499176193586,0.314692884683609,0.3154127299785614,0.8725066666666667,3.618042542002513
prior_draw_04,adaptive_blocked,0.24082434943414585,125,0.38687658374616424,0.2837628424167633,0.28463560342788696,0.88688,4.842187083006138
prior_draw_04,adaptive_blocked,0.24082434943414585,150,0.3958798800603806,0.26205378770828247,0.26398926973342896,0.8972266666666666,5.98807979200501
prior_draw_04,adaptive_blocked,0.24082434943414585,175,0.40007968073423833,0.2471410185098648,0.24900734424591064,0.9034666666666666,7.4356255830061855
prior_draw_04,adaptive_blocked,0.24082434943414585,200,0.4053143239820827,0.23365841805934906,0.23535573482513428,0.9091466666666667,8.755024125013733
prior_draw_04,adaptive_blocked,0.24082434943414585,225,0.40871159811520585,0.22132638096809387,0.22349143028259277,0.9142666666666667,10.462516667001182
prior_draw_04,adaptive_blocked,0.24082434943414585,250,0.41303257448442937,0.21024802327156067,0.2121361494064331,0.9209333333333334,11.896521917005884
prior_draw_04,adaptive_blocked,0.24082434943414585,275,0.41470106639131143,0.20387160778045654,0.20554710924625397,0.9234933333333334,13.816000833001453
prior_draw_04,adaptive_blocked,0.24082434943414585,300,0.4170832113509113,0.19732356071472168,0.19885186851024628,0.92552,15.409690375003265
prior_draw_04,adaptive_blocked,0.24082434943414585,325,0.41837593391015654,0.19252640008926392,0.19410446286201477,0.9277066666666667,17.538515583000844
prior_draw_04,adaptive_blocked,0.24082434943414585,350,0.4200944776631961,0.1878959834575653,0.1899300366640091,0.92912,19.276806458001374
prior_draw_04,adaptive_blocked,0.24082434943414585,375,0.4213317404087193,0.18290774524211884,0.18498603999614716,0.9312266666666666,21.65305312500277
prior_draw_04,adaptive_blocked,0.24082434943414585,400,0.423045831569305,0.1784985065460205,0.18007363379001617,0.9334133333333333,23.61867966700811
prior_draw_04,adaptive_blocked,0.24082434943414585,425,0.42391818100353607,0.17473234236240387,0.17678403854370117,0.9348266666666667,26.21365925000282
prior_draw_04,adaptive_blocked,0.24082434943414585,450,0.4250125931451647,0.17170122265815735,0.17293137311935425,0.93656,28.28816895800992
prior_draw_04,adaptive_blocked,0.24082434943414585,475,0.4259527377846448,0.1683088093996048,0.16972877085208893,0.9379466666666667,31.102094417001354
prior_draw_04,adaptive_blocked,0.24082434943414585,500,0.4266791636000922,0.16615736484527588,0.16775327920913696,0.9389066666666667,33.30976704201021
prior_draw_04,adaptive_blocked,0.24082434943414585,525,0.42706542882359605,0.16379526257514954,0.16553722321987152,0.9394933333333333,36.39335608300462
prior_draw_04,adaptive_blocked,0.24082434943414585,550,0.4279305820573332,0.16164341568946838,0.16373145580291748,0.9406133333333333,38.79674991700449
prior_draw_04,adaptive_blocked,0.24082434943414585,575,0.4284800519587906,0.15940426290035248,0.1615973562002182,0.9415466666666666,42.161201167007675
prior_draw_04,adaptive_blocked,0.24082434943414585,600,0.4287318145326038,0.15846088528633118,0.1606481522321701,0.9414666666666667,44.60736475000158
prior_draw_04,adaptive_blocked,0.24082434943414585,625,0.4290756771610995,0.1565413624048233,0.15873773396015167,0.9424266666666666,48.1749120420136
prior_draw_04,adaptive_blocked,0.24082434943414585,650,0.42950309201286535,0.1553676426410675,0.15779156982898712,0.9432266666666667,50.89517362500192
prior_draw_04,adaptive_blocked,0.24082434943414585,675,0.4297467409885025,0.15397930145263672,0.15660831332206726,0.9434666666666667,54.748797958003706
prior_draw_04,adaptive_blocked,0.24082434943414585,700,0.4301355222149162,0.152823805809021,0.15573202073574066,0.9439466666666667,57.570612708004774
prior_draw_04,adaptive_blocked,0.24082434943414585,725,0.4302469465363638,0.15199163556098938,0.15481781959533691,0.9442133333333333,61.58028654201189
prior_draw_04,adaptive_blocked,0.24082434943414585,750,0.4303702960368992,0.1514083594083786,0.15447407960891724,0.9439466666666667,64.57693095800641
prior_draw_05,fixed,0.2126839594718725,25,0.2126839594718725,0.4977514445781708,0.5010693669319153,0.7900533333333334,0.6729829169926234
prior_draw_05,fixed,0.2126839594718725,50,0.2126839594718725,0.4429263472557068,0.4464726448059082,0.8120266666666667,1.3167506249883445
prior_draw_05,fixed,0.2126839594718725,75,0.2126839594718725,0.4042259454727173,0.40736880898475647,0.8284533333333334,2.007120791997295
prior_draw_05,fixed,0.2126839594718725,100,0.2126839594718725,0.3756375014781952,0.3779347538948059,0.84408,2.685293457994703
prior_draw_05,fixed,0.2126839594718725,125,0.2126839594718725,0.3536524772644043,0.3556152582168579,0.85568,3.396128291991772
prior_draw_05,fixed,0.2126839594718725,150,0.2126839594718725,0.3267977833747864,0.3287351429462433,0.8681066666666667,4.087124291996588
prior_draw_05,fixed,0.2126839594718725,175,0.2126839594718725,0.30882877111434937,0.3108067810535431,0.87576,4.791593832997023
prior_draw_05,fixed,0.2126839594718725,200,0.2126839594718725,0.2932857871055603,0.29513025283813477,0.8829866666666667,5.495029457990313
prior_draw_05,fixed,0.2126839594718725,225,0.2126839594718725,0.2779197096824646,0.2795810401439667,0.89024,6.212328124995111
prior_draw_05,fixed,0.2126839594718725,250,0.2126839594718725,0.2678046226501465,0.2693629562854767,0.8954666666666666,6.9004425419989275
prior_draw_05,fixed,0.2126839594718725,275,0.2126839594718725,0.25929704308509827,0.2607780694961548,0.9000266666666666,7.584584124997491
prior_draw_05,fixed,0.2126839594718725,300,0.2126839594718725,0.25124573707580566,0.25255462527275085,0.9036533333333333,8.285783125000307
prior_draw_05,fixed,0.2126839594718725,325,0.2126839594718725,0.24274708330631256,0.244622603058815,0.90712,8.963684041998931
prior_draw_05,fixed,0.2126839594718725,350,0.2126839594718725,0.2369263470172882,0.23845165967941284,0.9098666666666667,9.657487832999323
prior_draw_05,fixed,0.2126839594718725,375,0.2126839594718725,0.23113328218460083,0.2326584905385971,0.9125066666666667,10.346331416993053
prior_draw_05,fixed,0.2126839594718725,400,0.2126839594718725,0.22617468237876892,0.2274792194366455,0.9142133333333333,11.055958541997825
prior_draw_05,fixed,0.2126839594718725,425,0.2126839594718725,0.22064778208732605,0.22187843918800354,0.916,11.733653041999787
prior_draw_05,fixed,0.2126839594718725,450,0.2126839594718725,0.21495887637138367,0.21623101830482483,0.9184,12.44054199999664
prior_draw_05,fixed,0.2126839594718725,475,0.2126839594718725,0.20964613556861877,0.21058057248592377,0.9211466666666667,13.14516904199263
prior_draw_05,fixed,0.2126839594718725,500,0.2126839594718725,0.2062201052904129,0.20667338371276855,0.9230933333333333,13.854650124994805
prior_draw_05,fixed,0.2126839594718725,525,0.2126839594718725,0.20286992192268372,0.20319786667823792,0.9244,14.544122624996817
prior_draw_05,fixed,0.2126839594718725,550,0.2126839594718725,0.20021368563175201,0.20078802108764648,0.92536,15.203419124998618
prior_draw_05,fixed,0.2126839594718725,575,0.2126839594718725,0.1958206444978714,0.1963251233100891,0.9278666666666666,15.92800741699466
prior_draw_05,fixed,0.2126839594718725,600,0.2126839594718725,0.1932622194290161,0.19389617443084717,0.9286933333333334,16.61418920799042
prior_draw_05,fixed,0.2126839594718725,625,0.2126839594718725,0.18991076946258545,0.1906392127275467,0.9292533333333334,17.319672166995588
prior_draw_05,fixed,0.2126839594718725,650,0.2126839594718725,0.1877346634864807,0.18851648271083832,0.93048,17.991045041999314
prior_draw_05,fixed,0.2126839594718725,675,0.2126839594718725,0.18536624312400818,0.18592117726802826,0.9321066666666666,18.685226541987504
prior_draw_05,fixed,0.2126839594718725,700,0.2126839594718725,0.18357069790363312,0.18406721949577332,0.93232,19.364101499988465
prior_draw_05,fixed,0.2126839594718725,725,0.2126839594718725,0.18126872181892395,0.18193671107292175,0.93336,20.0549767499906
prior_draw_05,fixed,0.2126839594718725,750,0.2126839594718725,0.17888997495174408,0.17959991097450256,0.9343733333333333,20.73878658299509
prior_draw_05,adaptive_blocked,0.2126839594718725,25,0.28853347830232146,0.482462614774704,0.48603177070617676,0.7953333333333333,0.7741437919903547
prior_draw_05,adaptive_blocked,0.2126839594718725,50,0.308367475812027,0.4155429005622864,0.41841140389442444,0.8241066666666667,1.5795596249954542
prior_draw_05,adaptive_blocked,0.2126839594718725,75,0.3183686631974802,0.3693469166755676,0.3713783323764801,0.8474933333333333,2.5805086250038585
prior_draw_05,adaptive_blocked,0.2126839594718725,100,0.3298821016704173,0.33078470826148987,0.3330528140068054,0.86616,3.570942082995316
prior_draw_05,adaptive_blocked,0.2126839594718725,125,0.33621087676580047,0.30311983823776245,0.3054947853088379,0.8793866666666666,4.7516546249971725
prior_draw_05,adaptive_blocked,0.2126839594718725,150,0.34248707782092097,0.2836364805698395,0.2860327959060669,0.8872266666666667,5.852708541991888
prior_draw_05,adaptive_blocked,0.2126839594718725,175,0.3469037465324696,0.2639814615249634,0.2663794159889221,0.8967733333333333,7.29905170800339
prior_draw_05,adaptive_blocked,0.2126839594718725,200,0.352119741781514,0.2485569268465042,0.2510663568973541,0.90328,8.568963375000749
prior_draw_05,adaptive_blocked,0.2126839594718725,225,0.35464938003844426,0.2376912236213684,0.24004192650318146,0.9086666666666666,10.258751000001212
prior_draw_05,adaptive_blocked,0.2126839594718725,250,0.35847694978306,0.22532762587070465,0.22694827616214752,0.9151466666666667,11.687083541997708
prior_draw_05,adaptive_blocked,0.2126839594718725,275,0.36057368881159824,0.21562369167804718,0.2168513834476471,0.9197333333333333,13.580870374993538
prior_draw_05,adaptive_blocked,0.2126839594718725,300,0.3630924547248252,0.20816326141357422,0.20913435518741608,0.9224,15.164353542000754
prior_draw_05,adaptive_blocked,0.2126839594718725,325,0.3646974092861026,0.2014201283454895,0.2026802897453308,0.9254133333333333,17.35931904199242
prior_draw_05,adaptive_blocked,0.2126839594718725,350,0.3666226911710871,0.19528105854988098,0.19645503163337708,0.9270933333333333,19.09585291700205
prior_draw_05,adaptive_blocked,0.2126839594718725,375,0.3679475429527591,0.18904919922351837,0.19027923047542572,0.9295733333333334,21.52642520799418
prior_draw_05,adaptive_blocked,0.2126839594718725,400,0.3692492557337055,0.1854097694158554,0.18661312758922577,0.9310933333333333,23.481532249992597
prior_draw_05,adaptive_blocked,0.2126839594718725,425,0.37015095331658276,0.18136315047740936,0.18261291086673737,0.93248,26.102073667003424
prior_draw_05,adaptive_blocked,0.2126839594718725,450,0.37122884049908594,0.1779460608959198,0.1790415644645691,0.93344,28.228315000000293
prior_draw_05,adaptive_blocked,0.2126839594718725,475,0.3720595120782247,0.17458851635456085,0.1757548451423645,0.9354133333333333,31.124693332996685
prior_draw_05,adaptive_blocked,0.2126839594718725,500,0.3729145201482951,0.1716272085905075,0.17310813069343567,0.9361066666666666,33.283749124995666
prior_draw_05,adaptive_blocked,0.2126839594718725,525,0.3735080011919692,0.16914799809455872,0.17059455811977386,0.9371466666666667,36.33621116699942
prior_draw_05,adaptive_blocked,0.2126839594718725,550,0.3743190935327774,0.1659131795167923,0.1670849472284317,0.9381866666666666,38.683513208001386
prior_draw_05,adaptive_blocked,0.2126839594718725,575,0.3746111983733476,0.16414622962474823,0.16549479961395264,0.9385333333333333,41.94265599999926
prior_draw_05,adaptive_blocked,0.2126839594718725,600,0.3752395734839763,0.16213050484657288,0.1632402390241623,0.94008,44.42938287499419
prior_draw_05,adaptive_blocked,0.2126839594718725,625,0.37561379995857214,0.1602793037891388,0.16121067106723785,0.9406666666666667,48.01704966700345
prior_draw_05,adaptive_blocked,0.2126839594718725,650,0.3759775371953088,0.1588985174894333,0.1598864048719406,0.94176,50.66968170799373
prior_draw_05,adaptive_blocked,0.2126839594718725,675,0.3762554753425872,0.1574580818414688,0.15807585418224335,0.9424,54.48569554199639
prior_draw_05,adaptive_blocked,0.2126839594718725,700,0.37643686591541486,0.15657943487167358,0.15720270574092865,0.9423466666666667,57.25060137499531
prior_draw_05,adaptive_blocked,0.2126839594718725,725,0.3766078170291354,0.15543636679649353,0.15620245039463043,0.9430666666666667,61.2123974999995
prior_draw_05,adaptive_blocked,0.2126839594718725,750,0.3770016523428572,0.15397892892360687,0.1548544019460678,0.9433866666666667,64.13047112499771
prior_draw_06,fixed,0.2681856460892622,25,0.2681856460892622,0.4786302149295807,0.4821687936782837,0.7943733333333334,0.6685524170025019
prior_draw_06,fixed,0.2681856460892622,50,0.2681856460892622,0.41617611050605774,0.41994860768318176,0.82488,1.3386607499996899
prior_draw_06,fixed,0.2681856460892622,75,0.2681856460892622,0.3759151101112366,0.37979188561439514,0.84416,2.0284032499912428
prior_draw_06,fixed,0.2681856460892622,100,0.2681856460892622,0.3439694344997406,0.34798118472099304,0.85952,2.726094083991484
prior_draw_06,fixed,0.2681856460892622,125,0.2681856460892622,0.32315728068351746,0.32696816325187683,0.8690666666666667,3.429437208993477
prior_draw_06,fixed,0.2681856460892622,150,0.2681856460892622,0.30113673210144043,0.30465665459632874,0.8784533333333333,4.115075124995201
prior_draw_06,fixed,0.2681856460892622,175,0.2681856460892622,0.2835511863231659,0.2868552803993225,0.8869066666666666,4.822782666989951
prior_draw_06,fixed,0.2681856460892622,200,0.2681856460892622,0.2665354609489441,0.2702592611312866,0.8947733333333333,5.528110125000239
prior_draw_06,fixed,0.2681856460892622,225,0.2681856460892622,0.2548578679561615,0.2587529122829437,0.90096,6.2306385839910945
prior_draw_06,fixed,0.2681856460892622,250,0.2681856460892622,0.24540838599205017,0.2494494765996933,0.9054133333333333,6.922803166991798
prior_draw_06,fixed,0.2681856460892622,275,0.2681856460892622,0.23460708558559418,0.23872707784175873,0.9096,7.63489779199881
prior_draw_06,fixed,0.2681856460892622,300,0.2681856460892622,0.22623354196548462,0.23047244548797607,0.91312,8.315810917003546
prior_draw_06,fixed,0.2681856460892622,325,0.2681856460892622,0.219410240650177,0.2240421026945114,0.9159466666666667,8.998124874997302
prior_draw_06,fixed,0.2681856460892622,350,0.2681856460892622,0.21401475369930267,0.21857799589633942,0.9175466666666666,9.696953958991799
prior_draw_06,fixed,0.2681856460892622,375,0.2681856460892622,0.20744234323501587,0.2115921974182129,0.9208533333333333,10.398189874991658
prior_draw_06,fixed,0.2681856460892622,400,0.2681856460892622,0.20469580590724945,0.2086191177368164,0.9214133333333333,11.08317891698971
prior_draw_06,fixed,0.2681856460892622,425,0.2681856460892622,0.1995503455400467,0.2030733823776245,0.92456,11.779927374998806
prior_draw_06,fixed,0.2681856460892622,450,0.2681856460892622,0.1951138824224472,0.19838730990886688,0.9266666666666666,12.490353499990306
prior_draw_06,fixed,0.2681856460892622,475,0.2681856460892622,0.19192185997962952,0.19534832239151,0.9277333333333333,13.172780708991922
prior_draw_06,fixed,0.2681856460892622,500,0.2681856460892622,0.18900249898433685,0.19227156043052673,0.92912,13.873205541996867
prior_draw_06,fixed,0.2681856460892622,525,0.2681856460892622,0.1855563223361969,0.188762828707695,0.9303466666666667,14.575418458989589
prior_draw_06,fixed,0.2681856460892622,550,0.2681856460892622,0.18226277828216553,0.18550792336463928,0.9320533333333333,15.276845041997149
prior_draw_06,fixed,0.2681856460892622,575,0.2681856460892622,0.18008825182914734,0.1832304149866104,0.93248,15.9588247089996
prior_draw_06,fixed,0.2681856460892622,600,0.2681856460892622,0.17800039052963257,0.18099084496498108,0.93376,16.63195349999296
prior_draw_06,fixed,0.2681856460892622,625,0.2681856460892622,0.17613190412521362,0.17897966504096985,0.93416,17.320867542002816
prior_draw_06,fixed,0.2681856460892622,650,0.2681856460892622,0.17367315292358398,0.1765064001083374,0.9356533333333333,18.002184291995945
prior_draw_06,fixed,0.2681856460892622,675,0.2681856460892622,0.17097431421279907,0.1737797111272812,0.9362933333333333,18.71321058399917
prior_draw_06,fixed,0.2681856460892622,700,0.2681856460892622,0.16897736489772797,0.17199747264385223,0.9369333333333333,19.39383195899427
prior_draw_06,fixed,0.2681856460892622,725,0.2681856460892622,0.1678909957408905,0.17104612290859222,0.9369866666666666,20.077033458990627
prior_draw_06,fixed,0.2681856460892622,750,0.2681856460892622,0.16580387949943542,0.1691182404756546,0.9373066666666666,20.762024083989672
prior_draw_06,adaptive_blocked,0.2681856460892622,25,0.36462072313647537,0.4643877148628235,0.46767696738243103,0.80144,0.7707306670054095
prior_draw_06,adaptive_blocked,0.2681856460892622,50,0.39626869379533325,0.3881511092185974,0.39164209365844727,0.83544,1.5827747080038534
prior_draw_06,adaptive_blocked,0.2681856460892622,75,0.4118296283048933,0.33735349774360657,0.34030917286872864,0.8610666666666666,2.591736125003081
prior_draw_06,adaptive_blocked,0.2681856460892622,100,0.42740061325763284,0.30531811714172363,0.3077048063278198,0.8765866666666666,3.570757292007329
prior_draw_06,adaptive_blocked,0.2681856460892622,125,0.4375555389240304,0.2733687162399292,0.2761448323726654,0.89232,4.7548710420087446
prior_draw_06,adaptive_blocked,0.2681856460892622,150,0.4477608435338841,0.2533506751060486,0.2567160725593567,0.90016,5.857330875005573
prior_draw_06,adaptive_blocked,0.2681856460892622,175,0.45399313054709517,0.23339296877384186,0.23698990046977997,0.90976,7.295565542008262
prior_draw_06,adaptive_blocked,0.2681856460892622,200,0.4599563798533543,0.22165854275226593,0.22468499839305878,0.9144533333333333,8.548634125007084
prior_draw_06,adaptive_blocked,0.2681856460892622,225,0.4629135947378459,0.21136653423309326,0.21425293385982513,0.9193066666666667,10.211648333002813
prior_draw_06,adaptive_blocked,0.2681856460892622,250,0.466503401906424,0.20443494617938995,0.20683790743350983,0.92256,11.599248416998307
prior_draw_06,adaptive_blocked,0.2681856460892622,275,0.46893659379239644,0.19770357012748718,0.19975213706493378,0.9251733333333333,13.459995333003462
prior_draw_06,adaptive_blocked,0.2681856460892622,300,0.4720218836295664,0.19028505682945251,0.19276343286037445,0.92816,15.017267917006393
prior_draw_06,adaptive_blocked,0.2681856460892622,325,0.47341761626142137,0.18503449857234955,0.1880425214767456,0.9299466666666667,17.119183707996854
prior_draw_06,adaptive_blocked,0.2681856460892622,350,0.47582276160503534,0.17979244887828827,0.182548388838768,0.9326666666666666,18.821154582998133
prior_draw_06,adaptive_blocked,0.2681856460892622,375,0.47743578161877903,0.17475728690624237,0.1772080659866333,0.9345066666666667,21.202278458004002
prior_draw_06,adaptive_blocked,0.2681856460892622,400,0.47857764253172197,0.17175503075122833,0.17422285676002502,0.9357066666666667,23.090458457998466
prior_draw_06,adaptive_blocked,0.2681856460892622,425,0.47941688231178536,0.16845311224460602,0.1713685691356659,0.93672,25.667209332998027
prior_draw_06,adaptive_blocked,0.2681856460892622,450,0.48008403181389797,0.1667286902666092,0.16935759782791138,0.9381866666666666,27.69676570800948
prior_draw_06,adaptive_blocked,0.2681856460892622,475,0.48087708310038385,0.16392797231674194,0.16693201661109924,0.9386666666666666,30.53385312500177
prior_draw_06,adaptive_blocked,0.2681856460892622,500,0.48153464487150416,0.16174307465553284,0.16464635729789734,0.9398133333333333,32.72978212501039
prior_draw_06,adaptive_blocked,0.2681856460892622,525,0.482141254693305,0.15901322662830353,0.16219763457775116,0.9408266666666667,35.8101259170071
prior_draw_06,adaptive_blocked,0.2681856460892622,550,0.48267832443234826,0.15759342908859253,0.16042396426200867,0.9419466666666667,38.147565207997104
prior_draw_06,adaptive_blocked,0.2681856460892622,575,0.4830130276492892,0.15603211522102356,0.15874579548835754,0.9430933333333333,41.3683291250054
prior_draw_06,adaptive_blocked,0.2681856460892622,600,0.48351194809386827,0.1544065773487091,0.15730340778827667,0.9436266666666666,43.8266668330034
prior_draw_06,adaptive_blocked,0.2681856460892622,625,0.4837174596622819,0.15350189805030823,0.15608666837215424,0.9438666666666666,47.39568549999967
prior_draw_06,adaptive_blocked,0.2681856460892622,650,0.4837583466763257,0.1526554673910141,0.15521202981472015,0.9443466666666667,50.032295333003276
prior_draw_06,adaptive_blocked,0.2681856460892622,675,0.48370732591599785,0.15216033160686493,0.15466620028018951,0.94448,53.68459108300158
prior_draw_06,adaptive_blocked,0.2681856460892622,700,0.4839888357319064,0.15106119215488434,0.15353891253471375,0.9446666666666667,56.43214299999818
prior_draw_06,adaptive_blocked,0.2681856460892622,725,0.4840393735703685,0.1500953584909439,0.15270186960697174,0.9452,60.389294292006525
prior_draw_06,adaptive_blocked,0.2681856460892622,750,0.4840990096223325,0.14973226189613342,0.15222521126270294,0.94536,63.24141937500099
prior_draw_07,fixed,0.08960210240488053,25,0.08960210240488053,0.5979183316230774,0.5993364453315735,0.76888,0.6791539160039974
prior_draw_07,fixed,0.08960210240488053,50,0.08960210240488053,0.5148575901985168,0.5178295969963074,0.7836,1.3726053330028662
prior_draw_07,fixed,0.08960210240488053,75,0.08960210240488053,0.4804539084434509,0.48352524638175964,0.7948533333333333,2.0233029579976574
prior_draw_07,fixed,0.08960210240488053,100,0.08960210240488053,0.45873087644577026,0.46204379200935364,0.8033866666666667,2.687314000009792
prior_draw_07,fixed,0.08960210240488053,125,0.08960210240488053,0.4426402151584625,0.4458974003791809,0.8094666666666667,3.3323161660082405
prior_draw_07,fixed,0.08960210240488053,150,0.08960210240488053,0.42761823534965515,0.430881142616272,0.8164,4.013396833004663
prior_draw_07,fixed,0.08960210240488053,175,0.08960210240488053,0.4139295220375061,0.4171803593635559,0.82336,4.689120750001166
prior_draw_07,fixed,0.08960210240488053,200,0.08960210240488053,0.3992023468017578,0.4026341438293457,0.8305066666666666,5.371596625001985
prior_draw_07,fixed,0.08960210240488053,225,0.08960210240488053,0.3878360688686371,0.39095818996429443,0.8358933333333334,6.0681173330085585
prior_draw_07,fixed,0.08960210240488053,250,0.08960210240488053,0.3747803270816803,0.37786591053009033,0.8429333333333333,6.760624791000737
prior_draw_07,fixed,0.08960210240488053,275,0.08960210240488053,0.36613520979881287,0.3690272271633148,0.8474666666666667,7.456356875001802
prior_draw_07,fixed,0.08960210240488053,300,0.08960210240488053,0.3567398488521576,0.3595554828643799,0.8524266666666667,8.137888625002233
prior_draw_07,fixed,0.08960210240488053,325,0.08960210240488053,0.34733858704566956,0.3500981628894806,0.8570666666666666,8.869565291010076
prior_draw_07,fixed,0.08960210240488053,350,0.08960210240488053,0.33677634596824646,0.3391052782535553,0.8623733333333333,9.5977231660072
prior_draw_07,fixed,0.08960210240488053,375,0.08960210240488053,0.32911229133605957,0.33144986629486084,0.8657866666666667,10.321089375007432
prior_draw_07,fixed,0.08960210240488053,400,0.08960210240488053,0.3222774863243103,0.3245845437049866,0.8690933333333334,11.02066824999929
prior_draw_07,fixed,0.08960210240488053,425,0.08960210240488053,0.3138881027698517,0.3161454200744629,0.8731466666666666,11.740979791007703
prior_draw_07,fixed,0.08960210240488053,450,0.08960210240488053,0.3078014552593231,0.3099094331264496,0.8762666666666666,12.423400500003481
prior_draw_07,fixed,0.08960210240488053,475,0.08960210240488053,0.3031306266784668,0.30509427189826965,0.87848,13.123898625010042
prior_draw_07,fixed,0.08960210240488053,500,0.08960210240488053,0.29881468415260315,0.30064013600349426,0.88048,13.802821541001322
prior_draw_07,fixed,0.08960210240488053,525,0.08960210240488053,0.29071685671806335,0.2927050292491913,0.8833866666666667,14.524727500000154
prior_draw_07,fixed,0.08960210240488053,550,0.08960210240488053,0.2863524854183197,0.2883722484111786,0.8853333333333333,15.228910791003727
prior_draw_07,fixed,0.08960210240488053,575,0.08960210240488053,0.28095775842666626,0.28307539224624634,0.88792,15.925701041007414
prior_draw_07,fixed,0.08960210240488053,600,0.08960210240488053,0.27642446756362915,0.2785622775554657,0.8901333333333333,16.614918000006583
prior_draw_07,fixed,0.08960210240488053,625,0.08960210240488053,0.2710253596305847,0.2731088101863861,0.8931733333333334,17.32082025001
prior_draw_07,fixed,0.08960210240488053,650,0.08960210240488053,0.2665897011756897,0.2689076066017151,0.8953333333333333,18.035483958010445
prior_draw_07,fixed,0.08960210240488053,675,0.08960210240488053,0.2613852024078369,0.26359277963638306,0.89768,18.75170204100141
prior_draw_07,fixed,0.08960210240488053,700,0.08960210240488053,0.25807738304138184,0.2602997422218323,0.8989066666666666,19.460674000001745
prior_draw_07,fixed,0.08960210240488053,725,0.08960210240488053,0.2538396716117859,0.2559276521205902,0.9013066666666667,20.156234916008543
prior_draw_07,fixed,0.08960210240488053,750,0.08960210240488053,0.24962781369686127,0.25159206986427307,0.90344,20.875719707997632
prior_draw_07,adaptive_blocked,0.08960210240488053,25,0.12479734260945864,0.5716649889945984,0.5731242895126343,0.7729866666666667,0.7545714589941781
prior_draw_07,adaptive_blocked,0.08960210240488053,50,0.13386185724374308,0.4908955693244934,0.4937666654586792,0.79128,1.5706072089960799
prior_draw_07,adaptive_blocked,0.08960210240488053,75,0.13658534728649982,0.454967200756073,0.4580364525318146,0.8051733333333333,2.6178073749906616
prior_draw_07,adaptive_blocked,0.08960210240488053,100,0.13946444430736216,0.42953115701675415,0.4321930706501007,0.8154666666666667,3.5509457089938223
prior_draw_07,adaptive_blocked,0.08960210240488053,125,0.14112106858124124,0.4080219268798828,0.4107096493244171,0.8266666666666667,4.70680241700029
prior_draw_07,adaptive_blocked,0.08960210240488053,150,0.14354860517444692,0.38744136691093445,0.39043793082237244,0.8364,5.770481958999881
prior_draw_07,adaptive_blocked,0.08960210240488053,175,0.1449435148125261,0.3701108396053314,0.37323155999183655,0.8449066666666667,7.160162874992238
prior_draw_07,adaptive_blocked,0.08960210240488053,200,0.14694565780950794,0.353360116481781,0.35652920603752136,0.85376,8.374848916995688
prior_draw_07,adaptive_blocked,0.08960210240488053,225,0.14815117543506207,0.33834150433540344,0.34105461835861206,0.8608,9.974112374999095
prior_draw_07,adaptive_blocked,0.08960210240488053,250,0.14974899189311658,0.32579952478408813,0.32845136523246765,0.86688,11.570938541990472
prior_draw_07,adaptive_blocked,0.08960210240488053,275,0.15066528339351382,0.31396958231925964,0.31645312905311584,0.8721066666666667,13.387668084003963
prior_draw_07,adaptive_blocked,0.08960210240488053,300,0.15216526846882406,0.30244582891464233,0.3049185872077942,0.8780533333333334,14.959563666998292
prior_draw_07,adaptive_blocked,0.08960210240488053,325,0.1530917647594778,0.292023628950119,0.2948155105113983,0.8828533333333334,16.997505958992406
prior_draw_07,adaptive_blocked,0.08960210240488053,350,0.15418777310598195,0.2831456661224365,0.28584858775138855,0.8871733333333334,18.65403449999576
prior_draw_07,adaptive_blocked,0.08960210240488053,375,0.15484158088103583,0.27540722489356995,0.27810579538345337,0.89128,20.882872709000367
prior_draw_07,adaptive_blocked,0.08960210240488053,400,0.1559882913247656,0.2662023901939392,0.2689064145088196,0.89608,22.67487729199638
prior_draw_07,adaptive_blocked,0.08960210240488053,425,0.15679627689394052,0.2566666007041931,0.25897639989852905,0.90096,25.259856709002634
prior_draw_07,adaptive_blocked,0.08960210240488053,450,0.15756856423504492,0.2514209747314453,0.2538210153579712,0.9022933333333333,27.302523374994053
prior_draw_07,adaptive_blocked,0.08960210240488053,475,0.15808462279509183,0.24523989856243134,0.24770833551883698,0.9052266666666666,29.946693999998388
prior_draw_07,adaptive_blocked,0.08960210240488053,500,0.15864107872789107,0.24144375324249268,0.24395442008972168,0.9066133333333334,31.996221624998725
prior_draw_07,adaptive_blocked,0.08960210240488053,525,0.15909376665153183,0.2364199459552765,0.23903562128543854,0.9088533333333333,34.82493304199306
prior_draw_07,adaptive_blocked,0.08960210240488053,550,0.1597659775435722,0.23103663325309753,0.23391765356063843,0.9111466666666667,37.01808591699228
prior_draw_07,adaptive_blocked,0.08960210240488053,575,0.16015991082253567,0.2262665331363678,0.22909143567085266,0.9130933333333333,40.10060204200272
prior_draw_07,adaptive_blocked,0.08960210240488053,600,0.16076982286098415,0.2217760980129242,0.22446197271347046,0.9152533333333334,42.419103708991315
prior_draw_07,adaptive_blocked,0.08960210240488053,625,0.16113989483899113,0.21806016564369202,0.22090086340904236,0.9177066666666667,45.70402891699632
prior_draw_07,adaptive_blocked,0.08960210240488053,650,0.16147360294910235,0.2152882218360901,0.2181335687637329,0.9185066666666667,48.202603958998225
prior_draw_07,adaptive_blocked,0.08960210240488053,675,0.16188240143716098,0.21097718179225922,0.21365661919116974,0.92048,51.76270029199077
prior_draw_07,adaptive_blocked,0.08960210240488053,700,0.16226419900594508,0.20803296566009521,0.21071885526180267,0.9218933333333333,54.38358845899347
prior_draw_07,adaptive_blocked,0.08960210240488053,725,0.16250998539667103,0.2053515762090683,0.20796555280685425,0.92304,58.432264374991064
prior_draw_07,adaptive_blocked,0.08960210240488053,750,0.16283741284734232,0.2027992457151413,0.20540288090705872,0.9238666666666666,61.363743833993794
prior_draw_08,fixed,0.06516353689472666,25,0.06516353689472666,0.6536015868186951,0.6542115807533264,0.7586933333333333,0.6878721249959199
prior_draw_08,fixed,0.06516353689472666,50,0.06516353689472666,0.5492784380912781,0.5511841177940369,0.77704,1.3916967499972088
prior_draw_08,fixed,0.06516353689472666,75,0.06516353689472666,0.5081043839454651,0.510911226272583,0.7860266666666667,2.0600184579961933
prior_draw_08,fixed,0.06516353689472666,100,0.06516353689472666,0.48535192012786865,0.48834583163261414,0.79328,2.707138291996671
prior_draw_08,fixed,0.06516353689472666,125,0.06516353689472666,0.46809688210487366,0.47133225202560425,0.8001066666666666,3.354425708006602
prior_draw_08,fixed,0.06516353689472666,150,0.06516353689472666,0.4550759792327881,0.45829281210899353,0.8051466666666667,3.993145208005444
prior_draw_08,fixed,0.06516353689472666,175,0.06516353689472666,0.4434434771537781,0.4464702606201172,0.8095733333333334,4.636427457997343
prior_draw_08,fixed,0.06516353689472666,200,0.06516353689472666,0.43177157640457153,0.4347246289253235,0.81432,5.294438708006055
prior_draw_08,fixed,0.06516353689472666,225,0.06516353689472666,0.42220568656921387,0.4253094792366028,0.8178933333333334,5.954201417000149
prior_draw_08,fixed,0.06516353689472666,250,0.06516353689472666,0.4102482199668884,0.41329631209373474,0.8256266666666666,6.625314499993692
prior_draw_08,fixed,0.06516353689472666,275,0.06516353689472666,0.399347186088562,0.4021516740322113,0.8319733333333333,7.305951332993573
prior_draw_08,fixed,0.06516353689472666,300,0.06516353689472666,0.38993149995803833,0.3926157057285309,0.83704,7.979340874997433
prior_draw_08,fixed,0.06516353689472666,325,0.06516353689472666,0.38090842962265015,0.38355347514152527,0.84152,8.659465167002054
prior_draw_08,fixed,0.06516353689472666,350,0.06516353689472666,0.3732081651687622,0.375969797372818,0.8456533333333334,9.33830304199364
prior_draw_08,fixed,0.06516353689472666,375,0.06516353689472666,0.36633145809173584,0.3689018785953522,0.8486933333333333,10.013457207998727
prior_draw_08,fixed,0.06516353689472666,400,0.06516353689472666,0.3592982590198517,0.3617726266384125,0.8522133333333334,10.70287254199502
prior_draw_08,fixed,0.06516353689472666,425,0.06516353689472666,0.3526321053504944,0.3551226258277893,0.85536,11.386239917002968
prior_draw_08,fixed,0.06516353689472666,450,0.06516353689472666,0.3462989032268524,0.3487323820590973,0.85888,12.076917957994738
prior_draw_08,fixed,0.06516353689472666,475,0.06516353689472666,0.33918625116348267,0.3417090177536011,0.86152,12.770496166995144
prior_draw_08,fixed,0.06516353689472666,500,0.06516353689472666,0.3330453038215637,0.33541256189346313,0.86488,13.4729880829982
prior_draw_08,fixed,0.06516353689472666,525,0.06516353689472666,0.32931259274482727,0.3317742943763733,0.8673333333333333,14.156339958004537
prior_draw_08,fixed,0.06516353689472666,550,0.06516353689472666,0.3230946660041809,0.3256262540817261,0.8696,14.850332208006876
prior_draw_08,fixed,0.06516353689472666,575,0.06516353689472666,0.31956347823143005,0.3219950497150421,0.87136,15.536667292006314
prior_draw_08,fixed,0.06516353689472666,600,0.06516353689472666,0.31483593583106995,0.3172042965888977,0.8737866666666667,16.238963750001858
prior_draw_08,fixed,0.06516353689472666,625,0.06516353689472666,0.31094130873680115,0.31326109170913696,0.8748266666666666,16.938575167005183
prior_draw_08,fixed,0.06516353689472666,650,0.06516353689472666,0.3055954873561859,0.308071494102478,0.87736,17.652579457993852
prior_draw_08,fixed,0.06516353689472666,675,0.06516353689472666,0.3018898069858551,0.30434536933898926,0.87856,18.332809542000177
prior_draw_08,fixed,0.06516353689472666,700,0.06516353689472666,0.29624080657958984,0.2988493740558624,0.8812266666666667,19.034763417002978
prior_draw_08,fixed,0.06516353689472666,725,0.06516353689472666,0.29159271717071533,0.294158011674881,0.8835733333333333,19.72272808299749
prior_draw_08,fixed,0.06516353689472666,750,0.06516353689472666,0.28861239552497864,0.2912995219230652,0.8841066666666667,20.407906541993725
prior_draw_08,adaptive_blocked,0.06516353689472666,25,0.09197392310732848,0.6218357682228088,0.6228774189949036,0.76328,0.7535932500031777
prior_draw_08,adaptive_blocked,0.06516353689472666,50,0.10094925614374695,0.5172353982925415,0.5200385451316833,0.7833333333333333,1.5577629589970456
prior_draw_08,adaptive_blocked,0.06516353689472666,75,0.10312439772612476,0.47864797711372375,0.4814838469028473,0.7952533333333334,2.4961814590060385
prior_draw_08,adaptive_blocked,0.06516353689472666,100,0.10531796503587003,0.45477938652038574,0.4572547376155853,0.8044533333333334,3.411616249999497
prior_draw_08,adaptive_blocked,0.06516353689472666,125,0.10638622041762859,0.4363585412502289,0.4390943646430969,0.8118133333333334,4.543004834005842
prior_draw_08,adaptive_blocked,0.06516353689472666,150,0.10822098572859801,0.4165283441543579,0.41938263177871704,0.8222666666666667,5.604916750002303
prior_draw_08,adaptive_blocked,0.06516353689472666,175,0.10934921832962881,0.39902064204216003,0.40205156803131104,0.8319466666666666,7.000794167004642
prior_draw_08,adaptive_blocked,0.06516353689472666,200,0.11075609217201689,0.3839898407459259,0.38739222288131714,0.83872,8.194230875000358
prior_draw_08,adaptive_blocked,0.06516353689472666,225,0.11169977712197211,0.3702046573162079,0.3737734854221344,0.8455733333333333,9.752573000005214
prior_draw_08,adaptive_blocked,0.06516353689472666,250,0.11287640340951595,0.3574073016643524,0.36082807183265686,0.8524266666666667,11.07934212499822
prior_draw_08,adaptive_blocked,0.06516353689472666,275,0.11344874433501984,0.3460506796836853,0.34946274757385254,0.8576533333333334,12.831979042006424
prior_draw_08,adaptive_blocked,0.06516353689472666,300,0.11486357853267266,0.3327363431453705,0.33576181530952454,0.86448,14.303317249999964
prior_draw_08,adaptive_blocked,0.06516353689472666,325,0.11543394508752473,0.32430553436279297,0.32731643319129944,0.86824,16.266371000005165
prior_draw_08,adaptive_blocked,0.06516353689472666,350,0.11629046882027713,0.31543248891830444,0.3184307813644409,0.87248,17.885176084004343
prior_draw_08,adaptive_blocked,0.06516353689472666,375,0.11688529842310261,0.3062036633491516,0.3091453015804291,0.8764533333333333,20.102233084006002
prior_draw_08,adaptive_blocked,0.06516353689472666,400,0.1177570393896759,0.29781466722488403,0.3009456396102905,0.8800533333333334,21.889025708995177
prior_draw_08,adaptive_blocked,0.06516353689472666,425,0.11832608681957628,0.28967925906181335,0.29276496171951294,0.8850666666666667,24.295439916997566
prior_draw_08,adaptive_blocked,0.06516353689472666,450,0.11908074243495635,0.28210628032684326,0.28505274653434753,0.8882133333333333,26.220598750005593
prior_draw_08,adaptive_blocked,0.06516353689472666,475,0.1195150284352234,0.2759840488433838,0.2790582478046417,0.89088,28.868269041995518
prior_draw_08,adaptive_blocked,0.06516353689472666,500,0.12011539656344358,0.2699209749698639,0.27292439341545105,0.89344,30.913061958999606
prior_draw_08,adaptive_blocked,0.06516353689472666,525,0.1205607238135814,0.2637365162372589,0.26671698689460754,0.8963466666666666,33.76671570900362
prior_draw_08,adaptive_blocked,0.06516353689472666,550,0.12110649044497218,0.2583477199077606,0.2612317204475403,0.8993066666666667,35.93261583399726
prior_draw_08,adaptive_blocked,0.06516353689472666,575,0.12142761397501362,0.25359100103378296,0.25657033920288086,0.9015733333333333,38.94905316700169
prior_draw_08,adaptive_blocked,0.06516353689472666,600,0.12192516111737225,0.24887073040008545,0.2518273591995239,0.9041066666666666,41.26370574999601
prior_draw_08,adaptive_blocked,0.06516353689472666,625,0.12219552309357219,0.245075523853302,0.24788051843643188,0.9064,44.504667291999795
prior_draw_08,adaptive_blocked,0.06516353689472666,650,0.12257935868269068,0.24130551517009735,0.2440759837627411,0.90792,47.01062037500378
prior_draw_08,adaptive_blocked,0.06516353689472666,675,0.12284128435846564,0.23735056817531586,0.2404157817363739,0.9093333333333333,50.49497312499443
prior_draw_08,adaptive_blocked,0.06516353689472666,700,0.12329112364684143,0.2331342250108719,0.23627471923828125,0.9109866666666666,53.11281833400426
prior_draw_08,adaptive_blocked,0.06516353689472666,725,0.12356781875431679,0.2290794998407364,0.23218749463558197,0.91232,58.788245999996434
prior_draw_08,adaptive_blocked,0.06516353689472666,750,0.12396565242996267,0.22539739310741425,0.2286701500415802,0.9141866666666667,61.64948695899511
prior_draw_09,fixed,0.07842685754114745,25,0.07842685754114745,0.6199065446853638,0.6205354332923889,0.7648266666666667,0.6836680000124034
prior_draw_09,fixed,0.07842685754114745,50,0.07842685754114745,0.5276556015014648,0.5295782685279846,0.7814133333333333,1.3653173750062706
prior_draw_09,fixed,0.07842685754114745,75,0.07842685754114745,0.4917268753051758,0.49429550766944885,0.7912,2.041323375000502
prior_draw_09,fixed,0.07842685754114745,100,0.07842685754114745,0.46930500864982605,0.4719480276107788,0.7996,2.718021625012625
prior_draw_09,fixed,0.07842685754114745,125,0.07842685754114745,0.4515090584754944,0.45416536927223206,0.8069333333333333,3.3816867920104414
prior_draw_09,fixed,0.07842685754114745,150,0.07842685754114745,0.43852540850639343,0.44123613834381104,0.81136,4.035943333001342
prior_draw_09,fixed,0.07842685754114745,175,0.07842685754114745,0.42439016699790955,0.4271782338619232,0.81872,4.7087772080121795
prior_draw_09,fixed,0.07842685754114745,200,0.07842685754114745,0.41006743907928467,0.4129330515861511,0.82576,5.3980210830050055
prior_draw_09,fixed,0.07842685754114745,225,0.07842685754114745,0.39937520027160645,0.4022834897041321,0.8314133333333333,6.080016625011922
prior_draw_09,fixed,0.07842685754114745,250,0.07842685754114745,0.38904207944869995,0.3918361961841583,0.8364533333333334,6.778425417011022
prior_draw_09,fixed,0.07842685754114745,275,0.07842685754114745,0.3765667974948883,0.3794165551662445,0.8430133333333333,7.479645125000388
prior_draw_09,fixed,0.07842685754114745,300,0.07842685754114745,0.369914174079895,0.3726922273635864,0.8468266666666666,8.161318750004284
prior_draw_09,fixed,0.07842685754114745,325,0.07842685754114745,0.35948386788368225,0.36225980520248413,0.8527466666666667,8.865140375011833
prior_draw_09,fixed,0.07842685754114745,350,0.07842685754114745,0.35158005356788635,0.35435163974761963,0.8559733333333334,9.561452875001123
prior_draw_09,fixed,0.07842685754114745,375,0.07842685754114745,0.3445262014865875,0.3473728895187378,0.8589333333333333,10.239916125006857
prior_draw_09,fixed,0.07842685754114745,400,0.07842685754114745,0.3376060724258423,0.3402337431907654,0.8622133333333334,10.929468500005896
prior_draw_09,fixed,0.07842685754114745,425,0.07842685754114745,0.3296028673648834,0.3319646120071411,0.8659733333333334,11.642946292005945
prior_draw_09,fixed,0.07842685754114745,450,0.07842685754114745,0.3248478174209595,0.32715609669685364,0.8687466666666667,12.323706000010134
prior_draw_09,fixed,0.07842685754114745,475,0.07842685754114745,0.3181331753730774,0.3203834891319275,0.8717066666666666,13.013590417001978
prior_draw_09,fixed,0.07842685754114745,500,0.07842685754114745,0.3110123574733734,0.3129783868789673,0.87608,13.70660483300162
prior_draw_09,fixed,0.07842685754114745,525,0.07842685754114745,0.306500643491745,0.30856314301490784,0.8775466666666667,14.387692375006736
prior_draw_09,fixed,0.07842685754114745,550,0.07842685754114745,0.3018592894077301,0.30405479669570923,0.8794666666666666,15.074231375008821
prior_draw_09,fixed,0.07842685754114745,575,0.07842685754114745,0.2975223958492279,0.29970553517341614,0.8810933333333333,15.757715250001638
prior_draw_09,fixed,0.07842685754114745,600,0.07842685754114745,0.2920398712158203,0.2944839894771576,0.8833333333333333,16.451637000005576
prior_draw_09,fixed,0.07842685754114745,625,0.07842685754114745,0.286858469247818,0.2893902361392975,0.8857066666666666,17.138178667009925
prior_draw_09,fixed,0.07842685754114745,650,0.07842685754114745,0.28228703141212463,0.28491219878196716,0.8872,17.832987792004133
prior_draw_09,fixed,0.07842685754114745,675,0.07842685754114745,0.27728307247161865,0.27990245819091797,0.88936,18.522185292007634
prior_draw_09,fixed,0.07842685754114745,700,0.07842685754114745,0.27307218313217163,0.27563682198524475,0.8919733333333333,19.212343083010637
prior_draw_09,fixed,0.07842685754114745,725,0.07842685754114745,0.27002233266830444,0.27245160937309265,0.8934933333333334,19.89205233300163
prior_draw_09,fixed,0.07842685754114745,750,0.07842685754114745,0.26722609996795654,0.26971662044525146,0.8949333333333334,20.572421500008204
prior_draw_09,adaptive_blocked,0.07842685754114745,25,0.10974970966136503,0.5921900272369385,0.5930116772651672,0.7685866666666666,0.7466537910077022
prior_draw_09,adaptive_blocked,0.07842685754114745,50,0.11876212701337423,0.5016422271728516,0.5038955211639404,0.7881066666666666,1.5482857080060057
prior_draw_09,adaptive_blocked,0.07842685754114745,75,0.12114433902766757,0.46397727727890015,0.4664687514305115,0.8023733333333334,2.484049208011129
prior_draw_09,adaptive_blocked,0.07842685754114745,100,0.12368852310928549,0.4409732222557068,0.4431632161140442,0.8112266666666667,3.384998125009588
prior_draw_09,adaptive_blocked,0.07842685754114745,125,0.12523823027754,0.41935959458351135,0.4215247929096222,0.8214133333333333,4.540210125007434
prior_draw_09,adaptive_blocked,0.07842685754114745,150,0.1272241962332237,0.4003731906414032,0.4027223289012909,0.82904,5.6119648330059135
prior_draw_09,adaptive_blocked,0.07842685754114745,175,0.12867420518050643,0.38056516647338867,0.38298657536506653,0.8405866666666667,6.9738013750029495
prior_draw_09,adaptive_blocked,0.07842685754114745,200,0.13017155277948478,0.36728838086128235,0.36960864067077637,0.84712,8.14438645800692
prior_draw_09,adaptive_blocked,0.07842685754114745,225,0.1310391178963403,0.35557863116264343,0.3578992187976837,0.8530666666666666,9.698310416002641
prior_draw_09,adaptive_blocked,0.07842685754114745,250,0.13294461553633363,0.3366105258464813,0.3388132154941559,0.8622666666666666,11.048296166001819
prior_draw_09,adaptive_blocked,0.07842685754114745,275,0.13370658199502547,0.32646188139915466,0.3286978006362915,0.8659733333333334,12.818415415997151
prior_draw_09,adaptive_blocked,0.07842685754114745,300,0.1348513848510139,0.3160704970359802,0.31852787733078003,0.8717333333333334,14.30119308301073
prior_draw_09,adaptive_blocked,0.07842685754114745,325,0.13568232634051267,0.30475494265556335,0.30735039710998535,0.87704,16.302496916003292
prior_draw_09,adaptive_blocked,0.07842685754114745,350,0.1367901135799017,0.29543358087539673,0.29782557487487793,0.8820533333333334,17.943944458005717
prior_draw_09,adaptive_blocked,0.07842685754114745,375,0.1375500083289701,0.2858237624168396,0.28824418783187866,0.8858666666666667,20.162624083008268
prior_draw_09,adaptive_blocked,0.07842685754114745,400,0.1384369448241649,0.27814728021621704,0.28049635887145996,0.8894666666666666,21.91950145800365
prior_draw_09,adaptive_blocked,0.07842685754114745,425,0.13887702911044209,0.2727903723716736,0.2747669517993927,0.8926133333333334,24.286507833006908
prior_draw_09,adaptive_blocked,0.07842685754114745,450,0.13971035688091027,0.2649168372154236,0.2669329047203064,0.8963466666666666,26.211938624997856
prior_draw_09,adaptive_blocked,0.07842685754114745,475,0.1401700269183328,0.25889626145362854,0.26054251194000244,0.89912,28.848728208002285
prior_draw_09,adaptive_blocked,0.07842685754114745,500,0.1408700069343173,0.2528701424598694,0.2544245719909668,0.9021066666666666,30.88176179100992
prior_draw_09,adaptive_blocked,0.07842685754114745,525,0.14119308098780883,0.24852129817008972,0.24996961653232574,0.9041333333333333,33.74537454100209
prior_draw_09,adaptive_blocked,0.07842685754114745,550,0.14185344526957117,0.24273750185966492,0.24413728713989258,0.90728,35.94152783299796
prior_draw_09,adaptive_blocked,0.07842685754114745,575,0.14225934409504049,0.2376638501882553,0.23920072615146637,0.9093866666666667,39.077926750003826
prior_draw_09,adaptive_blocked,0.07842685754114745,600,0.14276834351922252,0.23342755436897278,0.2348090410232544,0.9103733333333334,41.390718458002084
prior_draw_09,adaptive_blocked,0.07842685754114745,625,0.14308223491496397,0.22958481311798096,0.23104728758335114,0.9123733333333334,44.68573716600076
prior_draw_09,adaptive_blocked,0.07842685754114745,650,0.14344478812190525,0.2265568971633911,0.22811880707740784,0.9134666666666666,47.13133904100687
prior_draw_09,adaptive_blocked,0.07842685754114745,675,0.14371196543688994,0.22289447486400604,0.2243870049715042,0.91528,50.59748458300601
prior_draw_09,adaptive_blocked,0.07842685754114745,700,0.14418984261143358,0.21900200843811035,0.2204357534646988,0.9168266666666667,53.23868595800013
prior_draw_09,adaptive_blocked,0.07842685754114745,725,0.1444922932772384,0.2153797149658203,0.2170202136039734,0.91848,57.67124354100088
prior_draw_09,adaptive_blocked,0.07842685754114745,750,0.14495687492611395,0.2112162858247757,0.21292267739772797,0.9204266666666666,62.00610837500426
prior_draw_10,fixed,0.33666999590715646,25,0.33666999590715646,0.4566033184528351,0.45995229482650757,0.8008533333333333,0.7015823330002604
prior_draw_10,fixed,0.33666999590715646,50,0.33666999590715646,0.3959733545780182,0.4000184237957001,0.83168,1.3844474170036847
prior_draw_10,fixed,0.33666999590715646,75,0.33666999590715646,0.35239797830581665,0.3560290038585663,0.8533333333333334,2.189087083010236
prior_draw_10,fixed,0.33666999590715646,100,0.33666999590715646,0.31739282608032227,0.3201713562011719,0.8704533333333333,2.919257542002015
prior_draw_10,fixed,0.33666999590715646,125,0.33666999590715646,0.2896724045276642,0.29268646240234375,0.8837333333333334,3.663458458002424
prior_draw_10,fixed,0.33666999590715646,150,0.33666999590715646,0.272461861371994,0.2755337953567505,0.8906666666666667,4.372616458000266
prior_draw_10,fixed,0.33666999590715646,175,0.33666999590715646,0.25567781925201416,0.25808313488960266,0.8996,5.096307750005508
prior_draw_10,fixed,0.33666999590715646,200,0.33666999590715646,0.2435624748468399,0.24549922347068787,0.9060533333333334,5.815941207998549
prior_draw_10,fixed,0.33666999590715646,225,0.33666999590715646,0.22893880307674408,0.23077338933944702,0.91288,6.551480792011716
prior_draw_10,fixed,0.33666999590715646,250,0.33666999590715646,0.22037531435489655,0.22237037122249603,0.9162133333333333,7.262158333003754
prior_draw_10,fixed,0.33666999590715646,275,0.33666999590715646,0.21479535102844238,0.21671278774738312,0.9179466666666667,7.967243708000751
prior_draw_10,fixed,0.33666999590715646,300,0.33666999590715646,0.20750544965267181,0.2095748782157898,0.9212266666666666,8.684691583010135
prior_draw_10,fixed,0.33666999590715646,325,0.33666999590715646,0.20154838263988495,0.20380939543247223,0.9237066666666667,9.37360787500802
prior_draw_10,fixed,0.33666999590715646,350,0.33666999590715646,0.19686530530452728,0.19921347498893738,0.9255466666666666,10.06830541700765
prior_draw_10,fixed,0.33666999590715646,375,0.33666999590715646,0.1928245574235916,0.19522860646247864,0.92696,10.796735292009544
prior_draw_10,fixed,0.33666999590715646,400,0.33666999590715646,0.18886037170886993,0.19153471291065216,0.9289866666666666,11.486530042006052
prior_draw_10,fixed,0.33666999590715646,425,0.33666999590715646,0.18557924032211304,0.18761833012104034,0.9293866666666667,12.208247583010234
prior_draw_10,fixed,0.33666999590715646,450,0.33666999590715646,0.18180935084819794,0.18371690809726715,0.9318133333333334,12.912970542005496
prior_draw_10,fixed,0.33666999590715646,475,0.33666999590715646,0.17853645980358124,0.18076518177986145,0.93296,13.641599667011178
prior_draw_10,fixed,0.33666999590715646,500,0.33666999590715646,0.17565332353115082,0.17768697440624237,0.93392,14.357789042012882
prior_draw_10,fixed,0.33666999590715646,525,0.33666999590715646,0.17241176962852478,0.17446690797805786,0.9355466666666666,15.071140458006994
prior_draw_10,fixed,0.33666999590715646,550,0.33666999590715646,0.16928629577159882,0.17153681814670563,0.9372,15.763713375010411
prior_draw_10,fixed,0.33666999590715646,575,0.33666999590715646,0.1679137498140335,0.17036490142345428,0.9376533333333333,16.46507591700356
prior_draw_10,fixed,0.33666999590715646,600,0.33666999590715646,0.16534753143787384,0.16747945547103882,0.9383466666666667,17.17593283300812
prior_draw_10,fixed,0.33666999590715646,625,0.33666999590715646,0.1632784903049469,0.16562335193157196,0.9389066666666667,17.943648042011773
prior_draw_10,fixed,0.33666999590715646,650,0.33666999590715646,0.16155540943145752,0.16373085975646973,0.9393866666666667,18.67472108300717
prior_draw_10,fixed,0.33666999590715646,675,0.33666999590715646,0.15982511639595032,0.16205842792987823,0.9401066666666666,19.403449542005546
prior_draw_10,fixed,0.33666999590715646,700,0.33666999590715646,0.15812155604362488,0.16040362417697906,0.9409333333333333,20.126505417007138
prior_draw_10,fixed,0.33666999590715646,725,0.33666999590715646,0.15668272972106934,0.1585589498281479,0.942,20.850273917007144
prior_draw_10,fixed,0.33666999590715646,750,0.33666999590715646,0.15581181645393372,0.15785956382751465,0.9422666666666667,21.536602625012165
prior_draw_10,adaptive_blocked,0.33666999590715646,25,0.4590464414437785,0.44268572330474854,0.4473790228366852,0.808,0.7883432079979684
prior_draw_10,adaptive_blocked,0.33666999590715646,50,0.5061067457126202,0.36944061517715454,0.3703605830669403,0.84312,1.6843209999933606
prior_draw_10,adaptive_blocked,0.33666999590715646,75,0.5347695112274998,0.3071082830429077,0.30864331126213074,0.8751733333333334,2.7548484999861103
prior_draw_10,adaptive_blocked,0.33666999590715646,100,0.5592906720150131,0.2727600038051605,0.274754136800766,0.8906933333333333,3.7773773329972755
prior_draw_10,adaptive_blocked,0.33666999590715646,125,0.5727790134763199,0.24626004695892334,0.24830101430416107,0.9029066666666666,5.053312666990678
prior_draw_10,adaptive_blocked,0.33666999590715646,150,0.584033446784155,0.229031503200531,0.23022742569446564,0.9115733333333333,6.223328374995617
prior_draw_10,adaptive_blocked,0.33666999590715646,175,0.5914601746673329,0.21336938440799713,0.2150340974330902,0.91816,7.704085041987128
prior_draw_10,adaptive_blocked,0.33666999590715646,200,0.5996462550400751,0.19959399104118347,0.20102223753929138,0.9233066666666667,9.023303832989768
prior_draw_10,adaptive_blocked,0.33666999590715646,225,0.6030219841054599,0.1920628845691681,0.19377070665359497,0.9259466666666667,10.762164624989964
prior_draw_10,adaptive_blocked,0.33666999590715646,250,0.6069002670336854,0.18485301733016968,0.18646453320980072,0.92904,12.247082832996966
prior_draw_10,adaptive_blocked,0.33666999590715646,275,0.6089179986679826,0.17957651615142822,0.1812725067138672,0.9313333333333333,14.188494541987893
prior_draw_10,adaptive_blocked,0.33666999590715646,300,0.611680687057938,0.17455174028873444,0.176354318857193,0.93344,15.81893162499182
prior_draw_10,adaptive_blocked,0.33666999590715646,325,0.6126909234492633,0.17135478556156158,0.17297117412090302,0.9348,18.009170916993753
prior_draw_10,adaptive_blocked,0.33666999590715646,350,0.614272263125295,0.1672883927822113,0.1688736528158188,0.9363733333333333,19.802633541999967
prior_draw_10,adaptive_blocked,0.33666999590715646,375,0.614791296065249,0.1649254858493805,0.166714146733284,0.9373866666666667,22.260651082993718
prior_draw_10,adaptive_blocked,0.33666999590715646,400,0.6154026612473726,0.16291362047195435,0.16472233831882477,0.93832,24.22789733299578
prior_draw_10,adaptive_blocked,0.33666999590715646,425,0.6165519342242599,0.1599317491054535,0.16191864013671875,0.93984,26.83454745799827
prior_draw_10,adaptive_blocked,0.33666999590715646,450,0.616840698602024,0.1578032672405243,0.15970227122306824,0.9404,28.93376816700038
prior_draw_10,adaptive_blocked,0.33666999590715646,475,0.6172880058236502,0.15599630773067474,0.1588236689567566,0.9414933333333333,31.719598666997626
prior_draw_10,adaptive_blocked,0.33666999590715646,500,0.6176992625400086,0.15434174239635468,0.15730644762516022,0.9415733333333334,33.848945457997615
prior_draw_10,adaptive_blocked,0.33666999590715646,525,0.6176681427856995,0.1533382087945938,0.1559639573097229,0.94232,36.89235787499638
prior_draw_10,adaptive_blocked,0.33666999590715646,550,0.6177301351829961,0.15211142599582672,0.15481272339820862,0.9426933333333334,39.15998729199055
prior_draw_10,adaptive_blocked,0.33666999590715646,575,0.6174431361498411,0.15164682269096375,0.15407174825668335,0.94344,42.380720332992496
prior_draw_10,adaptive_blocked,0.33666999590715646,600,0.6168353681182114,0.15141840279102325,0.15419284999370575,0.9437866666666667,44.75030441698618
prior_draw_10,adaptive_blocked,0.33666999590715646,625,0.6168543741997397,0.15052837133407593,0.15396849811077118,0.9444,48.25303766698926
prior_draw_10,adaptive_blocked,0.33666999590715646,650,0.616675603020686,0.1500280499458313,0.15338169038295746,0.94456,50.81674741698953
prior_draw_10,adaptive_blocked,0.33666999590715646,675,0.6164120891626148,0.14951135218143463,0.15331321954727173,0.9453333333333334,54.42705616699823
prior_draw_10,adaptive_blocked,0.33666999590715646,700,0.6162494103294154,0.14912495017051697,0.15296734869480133,0.9457333333333333,57.1722293329949
prior_draw_10,adaptive_blocked,0.33666999590715646,725,0.6159704276211895,0.1488347202539444,0.15269020199775696,0.9460266666666667,60.9977040419908
prior_draw_10,adaptive_blocked,0.33666999590715646,750,0.6156568630473503,0.14872056245803833,0.1528695821762085,0.94576,63.94690241699573
prior_draw_11,fixed,0.14399612455465047,25,0.14399612455465047,0.5340994596481323,0.53584885597229,0.7800533333333334,0.6913820000045234
prior_draw_11,fixed,0.14399612455465047,50,0.14399612455465047,0.4745311439037323,0.47697094082832336,0.79736,1.368419458012795
prior_draw_11,fixed,0.14399612455465047,75,0.14399612455465047,0.4434798061847687,0.4461805820465088,0.8092,2.0246545000118203
prior_draw_11,fixed,0.14399612455465047,100,0.14399612455465047,0.4190619885921478,0.4219813644886017,0.82056,2.720296250001411
prior_draw_11,fixed,0.14399612455465047,125,0.14399612455465047,0.3953617215156555,0.39783892035484314,0.832,3.4179650410078466
prior_draw_11,fixed,0.14399612455465047,150,0.14399612455465047,0.37622347474098206,0.3785998523235321,0.8424266666666667,4.125893333010026
prior_draw_11,fixed,0.14399612455465047,175,0.14399612455465047,0.3584756851196289,0.361257404088974,0.8496,4.822598125014338
prior_draw_11,fixed,0.14399612455465047,200,0.14399612455465047,0.3433085083961487,0.3456394672393799,0.8584266666666667,5.567750333008007
prior_draw_11,fixed,0.14399612455465047,225,0.14399612455465047,0.32898858189582825,0.33151984214782715,0.86528,6.28071204101434
prior_draw_11,fixed,0.14399612455465047,250,0.14399612455465047,0.3170291781425476,0.3193308711051941,0.8709866666666667,7.0279795410024235
prior_draw_11,fixed,0.14399612455465047,275,0.14399612455465047,0.3052506148815155,0.30787795782089233,0.8765866666666666,7.745113875003881
prior_draw_11,fixed,0.14399612455465047,300,0.14399612455465047,0.29613977670669556,0.2986874282360077,0.88024,8.47271533300227
prior_draw_11,fixed,0.14399612455465047,325,0.14399612455465047,0.28605276346206665,0.2886892259120941,0.88624,9.192262583004776
prior_draw_11,fixed,0.14399612455465047,350,0.14399612455465047,0.27852845191955566,0.2809480130672455,0.88968,9.921502625002177
prior_draw_11,fixed,0.14399612455465047,375,0.14399612455465047,0.2718835473060608,0.2743726968765259,0.8925333333333333,10.60643116600113
prior_draw_11,fixed,0.14399612455465047,400,0.14399612455465047,0.26527297496795654,0.26794150471687317,0.89568,11.33751804100757
prior_draw_11,fixed,0.14399612455465047,425,0.14399612455465047,0.2598631680011749,0.2623322904109955,0.8981066666666667,12.04258066600596
prior_draw_11,fixed,0.14399612455465047,450,0.14399612455465047,0.25303858518600464,0.255611389875412,0.90096,12.766259416006505
prior_draw_11,fixed,0.14399612455465047,475,0.14399612455465047,0.24733375012874603,0.25022244453430176,0.9033066666666667,13.47734587501327
prior_draw_11,fixed,0.14399612455465047,500,0.14399612455465047,0.243091881275177,0.24619796872138977,0.90512,14.195105208011228
prior_draw_11,fixed,0.14399612455465047,525,0.14399612455465047,0.2406492382287979,0.24356995522975922,0.9064266666666667,14.876814125003875
prior_draw_11,fixed,0.14399612455465047,550,0.14399612455465047,0.23569130897521973,0.2388102114200592,0.9077866666666666,15.611295833004988
prior_draw_11,fixed,0.14399612455465047,575,0.14399612455465047,0.23073992133140564,0.2339213490486145,0.91048,16.332944458001293
prior_draw_11,fixed,0.14399612455465047,600,0.14399612455465047,0.22617022693157196,0.22943656146526337,0.9130666666666667,17.037872958011576
prior_draw_11,fixed,0.14399612455465047,625,0.14399612455465047,0.2223183661699295,0.2256251573562622,0.91488,17.749287000013283
prior_draw_11,fixed,0.14399612455465047,650,0.14399612455465047,0.21814395487308502,0.22166383266448975,0.9164,18.4699210000108
prior_draw_11,fixed,0.14399612455465047,675,0.14399612455465047,0.21506327390670776,0.2183537781238556,0.9173066666666667,19.195906916007516
prior_draw_11,fixed,0.14399612455465047,700,0.14399612455465047,0.21251903474330902,0.21595269441604614,0.91832,19.888249791009002
prior_draw_11,fixed,0.14399612455465047,725,0.14399612455465047,0.21015958487987518,0.21354278922080994,0.9199466666666667,20.59873912500916
prior_draw_11,fixed,0.14399612455465047,750,0.14399612455465047,0.20739461481571198,0.2107095867395401,0.9205333333333333,21.32680550000805
prior_draw_11,adaptive_blocked,0.14399612455465047,25,0.19678053747987093,0.5176259279251099,0.5196580290794373,0.7837866666666666,0.7639191250054864
prior_draw_11,adaptive_blocked,0.14399612455465047,50,0.20797961533727524,0.45520031452178955,0.4575594663619995,0.8048,1.5739542500086827
prior_draw_11,adaptive_blocked,0.14399612455465047,75,0.2127612824769762,0.4165637195110321,0.418856143951416,0.82192,2.572845375005272
prior_draw_11,adaptive_blocked,0.14399612455465047,100,0.2187300632295243,0.3836427330970764,0.38614651560783386,0.8384,3.5695947500062175
prior_draw_11,adaptive_blocked,0.14399612455465047,125,0.2218561057380798,0.3577772378921509,0.3598365783691406,0.8521066666666667,4.8271833330072695
prior_draw_11,adaptive_blocked,0.14399612455465047,150,0.22595126151949704,0.3374677002429962,0.33918270468711853,0.8611466666666666,5.9838022500043735
prior_draw_11,adaptive_blocked,0.14399612455465047,175,0.22897017682708384,0.31531020998954773,0.317579060792923,0.87128,7.449474166001892
prior_draw_11,adaptive_blocked,0.14399612455465047,200,0.23253643096350354,0.2967066168785095,0.2987053394317627,0.8817866666666667,8.783523958001751
prior_draw_11,adaptive_blocked,0.14399612455465047,225,0.23442796207860667,0.28301721811294556,0.2850339114665985,0.8876266666666667,10.495661666005617
prior_draw_11,adaptive_blocked,0.14399612455465047,250,0.23729743811472312,0.26785993576049805,0.2697106599807739,0.8950133333333333,11.941374916001223
prior_draw_11,adaptive_blocked,0.14399612455465047,275,0.23879880380249552,0.25677403807640076,0.25852954387664795,0.9003733333333334,13.882707041004323
prior_draw_11,adaptive_blocked,0.14399612455465047,300,0.24078001494436052,0.24702484905719757,0.24925078451633453,0.9045333333333333,15.409843083005399
prior_draw_11,adaptive_blocked,0.14399612455465047,325,0.24171595599014498,0.24047476053237915,0.2423132359981537,0.9069866666666667,17.446182790998137
prior_draw_11,adaptive_blocked,0.14399612455465047,350,0.24313751696890765,0.2330159842967987,0.23477666079998016,0.91032,19.129408207998495
prior_draw_11,adaptive_blocked,0.14399612455465047,375,0.2438199052004291,0.22684627771377563,0.22863101959228516,0.91344,21.381979124998907
prior_draw_11,adaptive_blocked,0.14399612455465047,400,0.24542463686757432,0.2194431722164154,0.2214495837688446,0.9170133333333333,23.204344458004925
prior_draw_11,adaptive_blocked,0.14399612455465047,425,0.24594933264773694,0.21496127545833588,0.21698738634586334,0.9186933333333334,25.748753332998604
prior_draw_11,adaptive_blocked,0.14399612455465047,450,0.24693687488615781,0.2104310840368271,0.21240124106407166,0.9206666666666666,27.770509041001787
prior_draw_11,adaptive_blocked,0.14399612455465047,475,0.2476818579996884,0.20521903038024902,0.20736496150493622,0.9225866666666667,30.532204208007897
prior_draw_11,adaptive_blocked,0.14399612455465047,500,0.24848936846249375,0.20114757120609283,0.20327213406562805,0.9241866666666667,32.709584833006375
prior_draw_11,adaptive_blocked,0.14399612455465047,525,0.24902877001813764,0.1972646564245224,0.19935719668865204,0.9250666666666667,35.61829091599793
prior_draw_11,adaptive_blocked,0.14399612455465047,550,0.2497690547561492,0.1935954988002777,0.1954115778207779,0.92744,37.928538708001724
prior_draw_11,adaptive_blocked,0.14399612455465047,575,0.2500891515929053,0.19071340560913086,0.1927516609430313,0.9275733333333334,41.05788179099909
prior_draw_11,adaptive_blocked,0.14399612455465047,600,0.25088724650139144,0.18692848086357117,0.1890493482351303,0.9298666666666666,43.48598262500309
prior_draw_11,adaptive_blocked,0.14399612455465047,625,0.25139465368670205,0.18328021466732025,0.18526999652385712,0.9315733333333334,46.9037410000019
prior_draw_11,adaptive_blocked,0.14399612455465047,650,0.25200348689423946,0.18031851947307587,0.18252694606781006,0.9324533333333334,49.44362866600568
prior_draw_11,adaptive_blocked,0.14399612455465047,675,0.25223340476040884,0.17877896130084991,0.18113203346729279,0.93288,53.07158333300322
prior_draw_11,adaptive_blocked,0.14399612455465047,700,0.2526448437092332,0.17644141614437103,0.1788535714149475,0.9336533333333333,55.867482750007184
prior_draw_11,adaptive_blocked,0.14399612455465047,725,0.25299020731315175,0.17400717735290527,0.17666752636432648,0.9338133333333334,59.840987000003224
prior_draw_11,adaptive_blocked,0.14399612455465047,750,0.2533902918965754,0.17194922268390656,0.17463146150112152,0.9347466666666666,62.8128711659956
prior_draw_12,fixed,0.7580901256191636,25,0.7580901256191636,0.42589545249938965,0.42708897590637207,0.8366666666666667,0.7137499999953434
prior_draw_12,fixed,0.7580901256191636,50,0.7580901256191636,0.35769274830818176,0.3624492287635803,0.86544,1.4093592499993974
prior_draw_12,fixed,0.7580901256191636,75,0.7580901256191636,0.31272855401039124,0.3182176351547241,0.8845866666666666,2.1141455829929328
prior_draw_12,fixed,0.7580901256191636,100,0.7580901256191636,0.2868379056453705,0.29238361120224,0.89528,2.8011431669874582
prior_draw_12,fixed,0.7580901256191636,125,0.7580901256191636,0.26507264375686646,0.2724103033542633,0.9035733333333333,3.4787602919968776
prior_draw_12,fixed,0.7580901256191636,150,0.7580901256191636,0.24855563044548035,0.25726738572120667,0.9104266666666667,4.161074582996662
prior_draw_12,fixed,0.7580901256191636,175,0.7580901256191636,0.23408429324626923,0.24211260676383972,0.9164266666666666,4.8776800419873325
prior_draw_12,fixed,0.7580901256191636,200,0.7580901256191636,0.22369028627872467,0.23068401217460632,0.9219466666666667,5.598238374994253
prior_draw_12,fixed,0.7580901256191636,225,0.7580901256191636,0.21462558209896088,0.22155870497226715,0.9257066666666667,6.307022707987926
prior_draw_12,fixed,0.7580901256191636,250,0.7580901256191636,0.2086157351732254,0.21482419967651367,0.9288,7.020204582993756
prior_draw_12,fixed,0.7580901256191636,275,0.7580901256191636,0.20274195075035095,0.20884265005588531,0.9316,7.7200855419941945
prior_draw_12,fixed,0.7580901256191636,300,0.7580901256191636,0.1983785778284073,0.20469658076763153,0.9330666666666667,8.412221457998385
prior_draw_12,fixed,0.7580901256191636,325,0.7580901256191636,0.19359765946865082,0.20069682598114014,0.93456,9.149001666999538
prior_draw_12,fixed,0.7580901256191636,350,0.7580901256191636,0.1919863522052765,0.1985468864440918,0.9354133333333333,9.856954499991843
prior_draw_12,fixed,0.7580901256191636,375,0.7580901256191636,0.18949590623378754,0.19615791738033295,0.93672,10.544347582996124
prior_draw_12,fixed,0.7580901256191636,400,0.7580901256191636,0.18765783309936523,0.19371479749679565,0.93712,11.221461291992455
prior_draw_12,fixed,0.7580901256191636,425,0.7580901256191636,0.1872825175523758,0.19243665039539337,0.93792,11.894197916990379
prior_draw_12,fixed,0.7580901256191636,450,0.7580901256191636,0.1856689304113388,0.19039803743362427,0.9379733333333333,12.56721066699538
prior_draw_12,fixed,0.7580901256191636,475,0.7580901256191636,0.1845432072877884,0.18896101415157318,0.9395466666666666,13.242400124989217
prior_draw_12,fixed,0.7580901256191636,500,0.7580901256191636,0.1839057356119156,0.1885172724723816,0.9399466666666667,13.919482249999419
prior_draw_12,fixed,0.7580901256191636,525,0.7580901256191636,0.18347971141338348,0.18734098970890045,0.9405066666666667,14.596514041986666
prior_draw_12,fixed,0.7580901256191636,550,0.7580901256191636,0.18194441497325897,0.18654650449752808,0.94128,15.274542666986235
prior_draw_12,fixed,0.7580901256191636,575,0.7580901256191636,0.18175606429576874,0.18636870384216309,0.9409866666666666,15.949133457994321
prior_draw_12,fixed,0.7580901256191636,600,0.7580901256191636,0.18142247200012207,0.18584463000297546,0.94152,16.62328216699825
prior_draw_12,fixed,0.7580901256191636,625,0.7580901256191636,0.18091458082199097,0.1852465569972992,0.9421066666666666,17.309679207988665
prior_draw_12,fixed,0.7580901256191636,650,0.7580901256191636,0.18051084876060486,0.18492664396762848,0.9425066666666667,17.982667332995334
prior_draw_12,fixed,0.7580901256191636,675,0.7580901256191636,0.18068481981754303,0.18503738939762115,0.9429866666666666,18.64300454199838
prior_draw_12,fixed,0.7580901256191636,700,0.7580901256191636,0.18053081631660461,0.18460609018802643,0.9433866666666667,19.302152082993416
prior_draw_12,fixed,0.7580901256191636,725,0.7580901256191636,0.18086594343185425,0.18491481244564056,0.9434666666666667,20.00366658299754
prior_draw_12,fixed,0.7580901256191636,750,0.7580901256191636,0.1807062178850174,0.1850178837776184,0.9436,20.673559791990556
prior_draw_12,adaptive_blocked,0.7580901256191636,25,0.6360146190520087,0.45368728041648865,0.45267337560653687,0.82432,0.7647048749931855
prior_draw_12,adaptive_blocked,0.7580901256191636,50,0.7056366288441694,0.36933040618896484,0.3720921277999878,0.86088,1.5889897079905495
prior_draw_12,adaptive_blocked,0.7580901256191636,75,0.7290489399825745,0.322234570980072,0.32183167338371277,0.8821066666666667,2.5820343749946915
prior_draw_12,adaptive_blocked,0.7580901256191636,100,0.753373946536231,0.29129400849342346,0.2916868031024933,0.8970933333333333,3.5382899579999503
prior_draw_12,adaptive_blocked,0.7580901256191636,125,0.7630722274632095,0.26679307222366333,0.2687722444534302,0.9062933333333333,4.740168292002636
prior_draw_12,adaptive_blocked,0.7580901256191636,150,0.7718422141729796,0.2508578896522522,0.25364986062049866,0.9124,5.8244655419985065
prior_draw_12,adaptive_blocked,0.7580901256191636,175,0.7760693465295108,0.23570740222930908,0.23943287134170532,0.9184,7.230744582993793
prior_draw_12,adaptive_blocked,0.7580901256191636,200,0.7793601225421775,0.22446906566619873,0.22699643671512604,0.9219466666666667,8.463170957998955
prior_draw_12,adaptive_blocked,0.7580901256191636,225,0.7815293507781039,0.21484994888305664,0.21742556989192963,0.9258133333333334,10.137379374995362
prior_draw_12,adaptive_blocked,0.7580901256191636,250,0.7828557094423402,0.20895476639270782,0.2118390053510666,0.9284266666666666,11.492763999995077
prior_draw_12,adaptive_blocked,0.7580901256191636,275,0.7835349394211194,0.20429842174053192,0.20676656067371368,0.9308533333333333,13.28796266700374
prior_draw_12,adaptive_blocked,0.7580901256191636,300,0.7844830136140054,0.19900447130203247,0.20155048370361328,0.9335733333333334,14.788883957997314
prior_draw_12,adaptive_blocked,0.7580901256191636,325,0.7847934722828322,0.19546544551849365,0.19703409075737,0.9347466666666666,16.875169958002516
prior_draw_12,adaptive_blocked,0.7580901256191636,350,0.7847776124160983,0.1929454356431961,0.19410701096057892,0.9361866666666666,18.521832957994775
prior_draw_12,adaptive_blocked,0.7580901256191636,375,0.7845971707538976,0.19155313074588776,0.1922347992658615,0.9376266666666667,20.72290749999229
prior_draw_12,adaptive_blocked,0.7580901256191636,400,0.7846737764521515,0.18920163810253143,0.19035090506076813,0.93872,22.558247124994523
prior_draw_12,adaptive_blocked,0.7580901256191636,425,0.784849382433267,0.18738380074501038,0.1882428675889969,0.9400266666666667,24.97516854199057
prior_draw_12,adaptive_blocked,0.7580901256191636,450,0.7844071765846131,0.18701693415641785,0.1875123679637909,0.9410133333333334,26.886100999996415
prior_draw_12,adaptive_blocked,0.7580901256191636,475,0.7843751179883989,0.18604597449302673,0.186488077044487,0.9410666666666667,29.509223375003785
prior_draw_12,adaptive_blocked,0.7580901256191636,500,0.7842135381170013,0.1847880780696869,0.18533048033714294,0.9414666666666667,31.540620582993142
prior_draw_12,adaptive_blocked,0.7580901256191636,525,0.7838189809980965,0.18431472778320312,0.18439608812332153,0.9417066666666667,34.49703075000434
prior_draw_12,adaptive_blocked,0.7580901256191636,550,0.7836620599298593,0.18344338238239288,0.18407021462917328,0.9425066666666667,36.72791483299807
prior_draw_12,adaptive_blocked,0.7580901256191636,575,0.783343866934823,0.18277637660503387,0.1834629625082016,0.9426666666666667,39.85230341699207
prior_draw_12,adaptive_blocked,0.7580901256191636,600,0.7827439383487848,0.18258288502693176,0.18292607367038727,0.9426933333333334,42.250605541994446
prior_draw_12,adaptive_blocked,0.7580901256191636,625,0.7824834500775311,0.18234042823314667,0.1823861449956894,0.9436266666666666,45.616622417001054
prior_draw_12,adaptive_blocked,0.7580901256191636,650,0.7821416736571589,0.18211711943149567,0.18223100900650024,0.9440533333333333,48.11016304200166
prior_draw_12,adaptive_blocked,0.7580901256191636,675,0.7819706647568707,0.18141362071037292,0.18166998028755188,0.9438666666666666,51.58305354199547
prior_draw_12,adaptive_blocked,0.7580901256191636,700,0.7818851405479659,0.1809862107038498,0.18150080740451813,0.9443733333333333,54.254929957998684
prior_draw_12,adaptive_blocked,0.7580901256191636,725,0.7817302023273301,0.18084535002708435,0.18155093491077423,0.94464,57.98395675000211
prior_draw_12,adaptive_blocked,0.7580901256191636,750,0.7813512737302183,0.18085919320583344,0.18177028000354767,0.9445333333333333,60.778463541995734
prior_draw_13,fixed,0.28972543141485485,25,0.28972543141485485,0.47067010402679443,0.47310584783554077,0.7986933333333334,0.7240627920109546
prior_draw_13,fixed,0.28972543141485485,50,0.28972543141485485,0.4166085422039032,0.4184108376502991,0.8210666666666666,1.4172295840107836
prior_draw_13,fixed,0.28972543141485485,75,0.28972543141485485,0.36983492970466614,0.37131109833717346,0.8461066666666667,2.1534601250023115
prior_draw_13,fixed,0.28972543141485485,100,0.28972543141485485,0.3418227732181549,0.3428742587566376,0.8592266666666667,2.880183291999856
prior_draw_13,fixed,0.28972543141485485,125,0.28972543141485485,0.31640076637268066,0.31660911440849304,0.8725866666666666,3.600422041999991
prior_draw_13,fixed,0.28972543141485485,150,0.28972543141485485,0.2913513481616974,0.29219546914100647,0.8844533333333333,4.343539334004163
prior_draw_13,fixed,0.28972543141485485,175,0.28972543141485485,0.27633076906204224,0.27742087841033936,0.8916,5.052758250007173
prior_draw_13,fixed,0.28972543141485485,200,0.28972543141485485,0.2614673376083374,0.2632330656051636,0.8988,5.768776709010126
prior_draw_13,fixed,0.28972543141485485,225,0.28972543141485485,0.2510216534137726,0.2520921230316162,0.9038666666666667,6.488280959005351
prior_draw_13,fixed,0.28972543141485485,250,0.28972543141485485,0.24140653014183044,0.24243491888046265,0.90808,7.198147750008502
prior_draw_13,fixed,0.28972543141485485,275,0.28972543141485485,0.23242062330245972,0.23367556929588318,0.9119466666666667,7.899521334009478
prior_draw_13,fixed,0.28972543141485485,300,0.28972543141485485,0.2258448451757431,0.227157860994339,0.91392,8.600514667006792
prior_draw_13,fixed,0.28972543141485485,325,0.28972543141485485,0.2185659110546112,0.2203449159860611,0.9165866666666667,9.307322000007844
prior_draw_13,fixed,0.28972543141485485,350,0.28972543141485485,0.21276631951332092,0.21429862082004547,0.9197066666666667,10.020941499999026
prior_draw_13,fixed,0.28972543141485485,375,0.28972543141485485,0.20715677738189697,0.20872725546360016,0.9216,10.72612300000037
prior_draw_13,fixed,0.28972543141485485,400,0.28972543141485485,0.20282867550849915,0.2045843005180359,0.9234933333333334,11.422169625002425
prior_draw_13,fixed,0.28972543141485485,425,0.28972543141485485,0.1976240873336792,0.1995277851819992,0.92512,12.133349084004294
prior_draw_13,fixed,0.28972543141485485,450,0.28972543141485485,0.19280888140201569,0.19481176137924194,0.9272,12.847456333998707
prior_draw_13,fixed,0.28972543141485485,475,0.28972543141485485,0.1894207000732422,0.1913852095603943,0.92912,13.539248792003491
prior_draw_13,fixed,0.28972543141485485,500,0.28972543141485485,0.18621280789375305,0.1883310228586197,0.93016,14.23967999999877
prior_draw_13,fixed,0.28972543141485485,525,0.28972543141485485,0.1828828752040863,0.1851380616426468,0.93176,14.943022334002308
prior_draw_13,fixed,0.28972543141485485,550,0.28972543141485485,0.1795140653848648,0.18162378668785095,0.9332533333333334,15.651966167002684
prior_draw_13,fixed,0.28972543141485485,575,0.28972543141485485,0.1773696094751358,0.17917799949645996,0.9341866666666667,16.34704854201118
prior_draw_13,fixed,0.28972543141485485,600,0.28972543141485485,0.17569510638713837,0.17760013043880463,0.93496,17.042300000000978
prior_draw_13,fixed,0.28972543141485485,625,0.28972543141485485,0.1737087219953537,0.17570199072360992,0.9353866666666667,17.733711250009947
prior_draw_13,fixed,0.28972543141485485,650,0.28972543141485485,0.17104877531528473,0.17327140271663666,0.9365866666666667,18.4460347090062
prior_draw_13,fixed,0.28972543141485485,675,0.28972543141485485,0.16878673434257507,0.17114003002643585,0.9376266666666667,19.15367833401251
prior_draw_13,fixed,0.28972543141485485,700,0.28972543141485485,0.1669681966304779,0.1695803701877594,0.9377066666666667,19.84931604200392
prior_draw_13,fixed,0.28972543141485485,725,0.28972543141485485,0.16577906906604767,0.1682712733745575,0.9385866666666667,20.535273500005133
prior_draw_13,fixed,0.28972543141485485,750,0.28972543141485485,0.16427485644817352,0.16667531430721283,0.9394933333333333,21.215888250007993
prior_draw_13,adaptive_blocked,0.28972543141485485,25,0.3940366155172243,0.4587133228778839,0.46083754301071167,0.80384,0.7702056669950252
prior_draw_13,adaptive_blocked,0.28972543141485485,50,0.43172574484777254,0.38231855630874634,0.3844081461429596,0.8409333333333333,1.5849061250046361
prior_draw_13,adaptive_blocked,0.28972543141485485,75,0.44887196551729136,0.33171093463897705,0.33345699310302734,0.8644266666666667,2.600998833993799
prior_draw_13,adaptive_blocked,0.28972543141485485,100,0.4695460612416747,0.2936818301677704,0.29588600993156433,0.8813866666666667,3.575457833998371
prior_draw_13,adaptive_blocked,0.28972543141485485,125,0.4804555992540315,0.26431936025619507,0.26621735095977783,0.8962666666666667,4.786077458993532
prior_draw_13,adaptive_blocked,0.28972543141485485,150,0.491993086285987,0.24341969192028046,0.2453920841217041,0.90496,5.903384624994942
prior_draw_13,adaptive_blocked,0.28972543141485485,175,0.49858473281407034,0.22541341185569763,0.2281794548034668,0.91304,7.329231291994802
prior_draw_13,adaptive_blocked,0.28972543141485485,200,0.5048272420584782,0.21439772844314575,0.21710845828056335,0.9185866666666667,8.572137124996516
prior_draw_13,adaptive_blocked,0.28972543141485485,225,0.5081688826592433,0.20621588826179504,0.20892077684402466,0.92208,10.165570750003099
prior_draw_13,adaptive_blocked,0.28972543141485485,250,0.5120430540215393,0.19758236408233643,0.19939394295215607,0.9262666666666667,11.61271499999566
prior_draw_13,adaptive_blocked,0.28972543141485485,275,0.5144549414479461,0.19047947227954865,0.19195227324962616,0.9295466666666666,13.489895417005755
prior_draw_13,adaptive_blocked,0.28972543141485485,300,0.5167943221239565,0.18534497916698456,0.18690922856330872,0.9311733333333333,15.002077249999274
prior_draw_13,adaptive_blocked,0.28972543141485485,325,0.5187953798499192,0.17963874340057373,0.18124887347221375,0.9329066666666667,17.041756417005672
prior_draw_13,adaptive_blocked,0.28972543141485485,350,0.5211309303230582,0.17473110556602478,0.17675834894180298,0.9349333333333333,18.752895166995586
prior_draw_13,adaptive_blocked,0.28972543141485485,375,0.5223325593616212,0.17051708698272705,0.173238143324852,0.9358666666666666,21.115196875005495
prior_draw_13,adaptive_blocked,0.28972543141485485,400,0.5234714501715505,0.1678772121667862,0.17001643776893616,0.9377333333333333,23.08729266699811
prior_draw_13,adaptive_blocked,0.28972543141485485,425,0.5244217275165297,0.16437402367591858,0.16669300198554993,0.9386133333333333,25.987532375002047
prior_draw_13,adaptive_blocked,0.28972543141485485,450,0.5252086245644141,0.16241057217121124,0.16473178565502167,0.9394933333333333,28.039675249994616
prior_draw_13,adaptive_blocked,0.28972543141485485,475,0.5255141789016221,0.1603710800409317,0.16333889961242676,0.9404266666666666,30.930854042002466
prior_draw_13,adaptive_blocked,0.28972543141485485,500,0.525826008274686,0.1594390571117401,0.1623217612504959,0.94112,33.16153520900116
prior_draw_13,adaptive_blocked,0.28972543141485485,525,0.5263133937874218,0.15773360431194305,0.16040809452533722,0.9422133333333333,36.11677162500564
prior_draw_13,adaptive_blocked,0.28972543141485485,550,0.5267673505782889,0.15599766373634338,0.15901613235473633,0.9424533333333334,38.42660745899775
prior_draw_13,adaptive_blocked,0.28972543141485485,575,0.526963277042957,0.15485244989395142,0.15791989862918854,0.9428,41.63468129199464
prior_draw_13,adaptive_blocked,0.28972543141485485,600,0.5270465829982065,0.1535608321428299,0.15638481080532074,0.94288,44.07014154200442
prior_draw_13,adaptive_blocked,0.28972543141485485,625,0.5273239399703702,0.15215589106082916,0.15522640943527222,0.9435466666666666,47.413831625002786
prior_draw_13,adaptive_blocked,0.28972543141485485,650,0.5273438854203797,0.15153734385967255,0.1543857753276825,0.9438933333333334,49.99389450000308
prior_draw_13,adaptive_blocked,0.28972543141485485,675,0.5270765965937563,0.15111874043941498,0.15354947745800018,0.9446666666666667,53.76678829200682
prior_draw_13,adaptive_blocked,0.28972543141485485,700,0.5270603215678641,0.1505124866962433,0.15302473306655884,0.9448266666666667,56.57014845899539
prior_draw_13,adaptive_blocked,0.28972543141485485,725,0.5270551458573479,0.15002422034740448,0.15269556641578674,0.9455466666666666,60.36713445899659
prior_draw_13,adaptive_blocked,0.28972543141485485,750,0.5268106282952133,0.14988991618156433,0.15279044210910797,0.9457066666666667,63.21280404200661
prior_draw_14,fixed,0.25365837782099443,25,0.25365837782099443,0.4829210340976715,0.48502686619758606,0.79296,0.6959045000112383
prior_draw_14,fixed,0.25365837782099443,50,0.25365837782099443,0.4269970953464508,0.42908573150634766,0.8164533333333334,1.3727456250053365
prior_draw_14,fixed,0.25365837782099443,75,0.25365837782099443,0.38347893953323364,0.385768860578537,0.8396,2.071576291011297
prior_draw_14,fixed,0.25365837782099443,100,0.25365837782099443,0.3544820547103882,0.3567192256450653,0.85304,2.768619958005729
prior_draw_14,fixed,0.25365837782099443,125,0.25365837782099443,0.3272070586681366,0.32941004633903503,0.8657066666666666,3.4819817079987843
prior_draw_14,fixed,0.25365837782099443,150,0.25365837782099443,0.3092612624168396,0.31124743819236755,0.8736533333333333,4.182461875010631
prior_draw_14,fixed,0.25365837782099443,175,0.25365837782099443,0.29208818078041077,0.29433929920196533,0.8816533333333333,4.900947750007617
prior_draw_14,fixed,0.25365837782099443,200,0.25365837782099443,0.2787000238895416,0.2805587947368622,0.88816,5.59860125000705
prior_draw_14,fixed,0.25365837782099443,225,0.25365837782099443,0.2652195692062378,0.26676732301712036,0.8956,6.3136972909996985
prior_draw_14,fixed,0.25365837782099443,250,0.25365837782099443,0.2545194625854492,0.25607019662857056,0.8994666666666666,7.01698633300839
prior_draw_14,fixed,0.25365837782099443,275,0.25365837782099443,0.2443723976612091,0.2453898936510086,0.9047733333333333,7.746128958009649
prior_draw_14,fixed,0.25365837782099443,300,0.25365837782099443,0.23702366650104523,0.23783016204833984,0.9081333333333333,8.464907166009652
prior_draw_14,fixed,0.25365837782099443,325,0.25365837782099443,0.22985754907131195,0.2309981733560562,0.9110933333333333,9.189077957998961
prior_draw_14,fixed,0.25365837782099443,350,0.25365837782099443,0.22125650942325592,0.22223515808582306,0.9159466666666667,9.906616958003724
prior_draw_14,fixed,0.25365837782099443,375,0.25365837782099443,0.21808494627475739,0.2189556211233139,0.9171466666666667,10.591402291000122
prior_draw_14,fixed,0.25365837782099443,400,0.25365837782099443,0.21268664300441742,0.21366406977176666,0.9196533333333333,11.301516916006221
prior_draw_14,fixed,0.25365837782099443,425,0.25365837782099443,0.20815573632717133,0.20926609635353088,0.9212266666666666,12.00094995800464
prior_draw_14,fixed,0.25365837782099443,450,0.25365837782099443,0.20247505605220795,0.2039094865322113,0.9230666666666667,12.714969458000269
prior_draw_14,fixed,0.25365837782099443,475,0.25365837782099443,0.19903232157230377,0.20027843117713928,0.9242133333333333,13.414122458008933
prior_draw_14,fixed,0.25365837782099443,500,0.25365837782099443,0.19565017521381378,0.19681710004806519,0.9260533333333333,14.103679250009009
prior_draw_14,fixed,0.25365837782099443,525,0.25365837782099443,0.19233788549900055,0.19333647191524506,0.92768,14.801201833004598
prior_draw_14,fixed,0.25365837782099443,550,0.25365837782099443,0.1884085088968277,0.1891881823539734,0.9298666666666666,15.506027082999935
prior_draw_14,fixed,0.25365837782099443,575,0.25365837782099443,0.18564216792583466,0.18650946021080017,0.9308,16.19657837500563
prior_draw_14,fixed,0.25365837782099443,600,0.25365837782099443,0.1831129789352417,0.18427661061286926,0.9309333333333333,16.902914000005694
prior_draw_14,fixed,0.25365837782099443,625,0.25365837782099443,0.1804926097393036,0.18177393078804016,0.93208,17.603183833009098
prior_draw_14,fixed,0.25365837782099443,650,0.25365837782099443,0.1784515529870987,0.17963315546512604,0.9336,18.306077208006172
prior_draw_14,fixed,0.25365837782099443,675,0.25365837782099443,0.17655207216739655,0.17780821025371552,0.9345866666666667,19.015165707998676
prior_draw_14,fixed,0.25365837782099443,700,0.25365837782099443,0.17415641248226166,0.17512169480323792,0.9359466666666667,19.724999166006455
prior_draw_14,fixed,0.25365837782099443,725,0.25365837782099443,0.17285141348838806,0.17368732392787933,0.9363733333333333,20.42219491599826
prior_draw_14,fixed,0.25365837782099443,750,0.25365837782099443,0.17015062272548676,0.17125216126441956,0.93744,21.129997750002076
prior_draw_14,adaptive_blocked,0.25365837782099443,25,0.34388700657768173,0.46986687183380127,0.47232410311698914,0.79968,0.7696288330043899
prior_draw_14,adaptive_blocked,0.25365837782099443,50,0.37219383061201844,0.3956986367702484,0.39854463934898376,0.83408,1.5888560419989517
prior_draw_14,adaptive_blocked,0.25365837782099443,75,0.38788988287825293,0.34172019362449646,0.344184011220932,0.8606133333333333,2.587192833001609
prior_draw_14,adaptive_blocked,0.25365837782099443,100,0.40336125729168487,0.3028610348701477,0.3058939576148987,0.8766933333333333,3.562862042002962
prior_draw_14,adaptive_blocked,0.25365837782099443,125,0.41081146554015774,0.27800530195236206,0.28130435943603516,0.8893066666666667,4.76101883299998
prior_draw_14,adaptive_blocked,0.25365837782099443,150,0.4187618003077757,0.25907766819000244,0.26126429438591003,0.898,5.8563070420059375
prior_draw_14,adaptive_blocked,0.25365837782099443,175,0.4239299505681229,0.24190905690193176,0.244708850979805,0.90696,7.267056374999811
prior_draw_14,adaptive_blocked,0.25365837782099443,200,0.43015137757712857,0.2274094820022583,0.22907567024230957,0.91256,8.520057875008206
prior_draw_14,adaptive_blocked,0.25365837782099443,225,0.4327551727704508,0.2185906320810318,0.22020593285560608,0.9165333333333333,10.121101666998584
prior_draw_14,adaptive_blocked,0.25365837782099443,250,0.43684539577932235,0.20824743807315826,0.20959022641181946,0.9210933333333333,11.510609792007017
prior_draw_14,adaptive_blocked,0.25365837782099443,275,0.43952450655923053,0.2000129669904709,0.20101022720336914,0.9247733333333333,13.368408916998305
prior_draw_14,adaptive_blocked,0.25365837782099443,300,0.44157888588930877,0.19469499588012695,0.19544176757335663,0.9274933333333333,14.896546625008341
prior_draw_14,adaptive_blocked,0.25365837782099443,325,0.4433327653609483,0.18810966610908508,0.1891966164112091,0.9292266666666666,16.955581125002936
prior_draw_14,adaptive_blocked,0.25365837782099443,350,0.4455735539420046,0.18303322792053223,0.18432258069515228,0.93176,18.68006116700417
prior_draw_14,adaptive_blocked,0.25365837782099443,375,0.4467541395395991,0.1783900260925293,0.17983263731002808,0.9331466666666667,20.97311875000014
prior_draw_14,adaptive_blocked,0.25365837782099443,400,0.4485235335598245,0.1741262972354889,0.17575226724147797,0.93536,22.77962750000006
prior_draw_14,adaptive_blocked,0.25365837782099443,425,0.4493479950238119,0.17072340846061707,0.17240320146083832,0.9364266666666666,25.267635791999055
prior_draw_14,adaptive_blocked,0.25365837782099443,450,0.45043309929012176,0.16797387599945068,0.16972173750400543,0.93728,27.26405091700144
prior_draw_14,adaptive_blocked,0.25365837782099443,475,0.4508320138794175,0.1659836322069168,0.1679515838623047,0.9377866666666667,29.99034775000473
prior_draw_14,adaptive_blocked,0.25365837782099443,500,0.45155613398439187,0.1639818400144577,0.16594025492668152,0.93832,32.10386158300389
prior_draw_14,adaptive_blocked,0.25365837782099443,525,0.45185682051085896,0.16226644814014435,0.16392265260219574,0.93944,35.03385941700253
prior_draw_14,adaptive_blocked,0.25365837782099443,550,0.452070900367359,0.16139057278633118,0.1623980700969696,0.94,37.33185470801254
prior_draw_14,adaptive_blocked,0.25365837782099443,575,0.45272730600611477,0.1588955670595169,0.16024871170520782,0.9410666666666667,40.52540716700605
prior_draw_14,adaptive_blocked,0.25365837782099443,600,0.4532613887877979,0.15740066766738892,0.15904739499092102,0.9415466666666666,42.92939170800673
prior_draw_14,adaptive_blocked,0.25365837782099443,625,0.45358016933831125,0.15590107440948486,0.1576940417289734,0.9421333333333334,46.254156833005254
prior_draw_14,adaptive_blocked,0.25365837782099443,650,0.45382867573258234,0.15479321777820587,0.15680982172489166,0.9429333333333333,48.8411275420076
prior_draw_14,adaptive_blocked,0.25365837782099443,675,0.45386210841160346,0.15396873652935028,0.155471533536911,0.9434666666666667,52.4095946669986
prior_draw_14,adaptive_blocked,0.25365837782099443,700,0.4539499346589735,0.15330812335014343,0.1546909660100937,0.9438133333333333,55.070887417008635
prior_draw_14,adaptive_blocked,0.25365837782099443,725,0.45410606814191634,0.15252898633480072,0.15368956327438354,0.94424,58.86659891701129
prior_draw_14,adaptive_blocked,0.25365837782099443,750,0.454371216744131,0.15132449567317963,0.15260934829711914,0.9445866666666667,61.699662208004156
prior_draw_15,fixed,0.2028722393431973,25,0.2028722393431973,0.49836426973342896,0.5015743374824524,0.78808,0.6998935000010533
prior_draw_15,fixed,0.2028722393431973,50,0.2028722393431973,0.4473447799682617,0.4508723020553589,0.80592,1.3655050829984248
prior_draw_15,fixed,0.2028722393431973,75,0.2028722393431973,0.40965428948402405,0.41246557235717773,0.82488,2.0530932499968912
prior_draw_15,fixed,0.2028722393431973,100,0.2028722393431973,0.37768375873565674,0.3801334500312805,0.8438133333333333,2.7567647909891093
prior_draw_15,fixed,0.2028722393431973,125,0.2028722393431973,0.35281088948249817,0.35522618889808655,0.8546933333333333,3.467638332993374
prior_draw_15,fixed,0.2028722393431973,150,0.2028722393431973,0.3349684476852417,0.3369733989238739,0.8623733333333333,4.168733874990721
prior_draw_15,fixed,0.2028722393431973,175,0.2028722393431973,0.31838512420654297,0.3208097219467163,0.8699466666666666,4.8777834579959745
prior_draw_15,fixed,0.2028722393431973,200,0.2028722393431973,0.30293533205986023,0.3052161931991577,0.8769066666666666,5.583659500000067
prior_draw_15,fixed,0.2028722393431973,225,0.2028722393431973,0.2866784930229187,0.288928747177124,0.88456,6.300090290998924
prior_draw_15,fixed,0.2028722393431973,250,0.2028722393431973,0.2740050256252289,0.27613285183906555,0.89112,7.0127090829919325
prior_draw_15,fixed,0.2028722393431973,275,0.2028722393431973,0.26557353138923645,0.2671724855899811,0.8961333333333333,7.724003165989416
prior_draw_15,fixed,0.2028722393431973,300,0.2028722393431973,0.25697633624076843,0.25853708386421204,0.8997866666666666,8.43105029099388
prior_draw_15,fixed,0.2028722393431973,325,0.2028722393431973,0.24790403246879578,0.24944190680980682,0.90456,9.142675290990155
prior_draw_15,fixed,0.2028722393431973,350,0.2028722393431973,0.24176937341690063,0.2434413731098175,0.9072,9.839154374989448
prior_draw_15,fixed,0.2028722393431973,375,0.2028722393431973,0.23622344434261322,0.23762750625610352,0.9089333333333334,10.534478040994145
prior_draw_15,fixed,0.2028722393431973,400,0.2028722393431973,0.2308066338300705,0.23232316970825195,0.9116266666666667,11.244015958000091
prior_draw_15,fixed,0.2028722393431973,425,0.2028722393431973,0.225643128156662,0.22704093158245087,0.91376,11.969601207994856
prior_draw_15,fixed,0.2028722393431973,450,0.2028722393431973,0.2211044281721115,0.22244088351726532,0.91552,12.689013374998467
prior_draw_15,fixed,0.2028722393431973,475,0.2028722393431973,0.21728071570396423,0.21869643032550812,0.91728,13.393969540993567
prior_draw_15,fixed,0.2028722393431973,500,0.2028722393431973,0.21276508271694183,0.2142043560743332,0.9194666666666667,14.102205165996565
prior_draw_15,fixed,0.2028722393431973,525,0.2028722393431973,0.20905503630638123,0.21049052476882935,0.92152,14.8049913750001
prior_draw_15,fixed,0.2028722393431973,550,0.2028722393431973,0.2052178978919983,0.20670631527900696,0.9228533333333333,15.516422582993982
prior_draw_15,fixed,0.2028722393431973,575,0.2028722393431973,0.20066973567008972,0.2019161432981491,0.9250933333333333,16.23899091599742
prior_draw_15,fixed,0.2028722393431973,600,0.2028722393431973,0.1969437301158905,0.19808082282543182,0.9263466666666667,16.94951129099354
prior_draw_15,fixed,0.2028722393431973,625,0.2028722393431973,0.19407956302165985,0.19494479894638062,0.92792,17.651231165989884
prior_draw_15,fixed,0.2028722393431973,650,0.2028722393431973,0.19283051788806915,0.19358466565608978,0.92816,18.358549332988332
prior_draw_15,fixed,0.2028722393431973,675,0.2028722393431973,0.1906285136938095,0.19160205125808716,0.9292533333333334,19.05494474999432
prior_draw_15,fixed,0.2028722393431973,700,0.2028722393431973,0.1888178139925003,0.18998849391937256,0.9296266666666667,19.759014165989356
prior_draw_15,fixed,0.2028722393431973,725,0.2028722393431973,0.1864369660615921,0.187857523560524,0.93056,20.474646582995774
prior_draw_15,fixed,0.2028722393431973,750,0.2028722393431973,0.1837964653968811,0.18514198064804077,0.9313066666666666,21.167941291001625
prior_draw_15,adaptive_blocked,0.2028722393431973,25,0.27481991631575353,0.4822862446308136,0.48595020174980164,0.7930933333333333,0.7721357089903904
prior_draw_15,adaptive_blocked,0.2028722393431973,50,0.29185230492888176,0.4238618016242981,0.42727747559547424,0.81888,1.57084508400294
prior_draw_15,adaptive_blocked,0.2028722393431973,75,0.30067383774845285,0.377946674823761,0.38181936740875244,0.8414666666666667,2.5631219589995453
prior_draw_15,adaptive_blocked,0.2028722393431973,100,0.3112923079157208,0.3409421741962433,0.34354367852211,0.8601866666666667,3.5425434589997167
prior_draw_15,adaptive_blocked,0.2028722393431973,125,0.31656552139003435,0.311271071434021,0.31405362486839294,0.87352,4.735955583993928
prior_draw_15,adaptive_blocked,0.2028722393431973,150,0.32416670523654967,0.28861910104751587,0.29140353202819824,0.8833333333333333,5.86642595900048
prior_draw_15,adaptive_blocked,0.2028722393431973,175,0.3284744762386705,0.2669219374656677,0.270145982503891,0.8948,7.273399375000736
prior_draw_15,adaptive_blocked,0.2028722393431973,200,0.33286167310603454,0.25384312868118286,0.2566339671611786,0.8996266666666667,8.511961833995883
prior_draw_15,adaptive_blocked,0.2028722393431973,225,0.33602039659522537,0.2385551631450653,0.24156135320663452,0.9074666666666666,10.148989875000552
prior_draw_15,adaptive_blocked,0.2028722393431973,250,0.33986372502691675,0.2263086438179016,0.22961078584194183,0.9126666666666666,11.565216666989727
prior_draw_15,adaptive_blocked,0.2028722393431973,275,0.3420482724672183,0.2163725048303604,0.21928372979164124,0.9179466666666667,13.404140833998099
prior_draw_15,adaptive_blocked,0.2028722393431973,300,0.3442123642723916,0.20915675163269043,0.2122942954301834,0.92024,14.927374374994542
prior_draw_15,adaptive_blocked,0.2028722393431973,325,0.3453988854335505,0.20250502228736877,0.20618455111980438,0.9230933333333333,16.99551095899369
prior_draw_15,adaptive_blocked,0.2028722393431973,350,0.34736377907048094,0.19659744203090668,0.20016701519489288,0.9260533333333333,18.6967652500025
prior_draw_15,adaptive_blocked,0.2028722393431973,375,0.3482846253126014,0.19160886108875275,0.1946934312582016,0.9282133333333333,21.021598833991447
prior_draw_15,adaptive_blocked,0.2028722393431973,400,0.34956130504369687,0.18773935735225677,0.19094865024089813,0.9293066666666666,22.872982291999506
prior_draw_15,adaptive_blocked,0.2028722393431973,425,0.35057913407017965,0.18302962183952332,0.18644002079963684,0.9317333333333333,25.38359208399197
prior_draw_15,adaptive_blocked,0.2028722393431973,450,0.35132068191086724,0.1806158870458603,0.1835315227508545,0.9329333333333333,27.362794458997087
prior_draw_15,adaptive_blocked,0.2028722393431973,475,0.35182938914704603,0.17779846489429474,0.18065358698368073,0.93392,30.088904083997477
prior_draw_15,adaptive_blocked,0.2028722393431973,500,0.3528624787084251,0.1743287742137909,0.1772395521402359,0.9348533333333333,32.22822462499607
prior_draw_15,adaptive_blocked,0.2028722393431973,525,0.35348533003909943,0.1708870232105255,0.1735706478357315,0.9361333333333334,35.274321791992406
prior_draw_15,adaptive_blocked,0.2028722393431973,550,0.3544563931877647,0.16777166724205017,0.17033302783966064,0.9381866666666666,37.579848124994896
prior_draw_15,adaptive_blocked,0.2028722393431973,575,0.35478057299169075,0.16581547260284424,0.16871377825737,0.9381866666666666,40.819551166991005
prior_draw_15,adaptive_blocked,0.2028722393431973,600,0.355318986880078,0.16384108364582062,0.16684983670711517,0.9390133333333334,43.29909908398986
prior_draw_15,adaptive_blocked,0.2028722393431973,625,0.3556552981098452,0.1617569476366043,0.16472411155700684,0.9393866666666667,46.6645514999982
prior_draw_15,adaptive_blocked,0.2028722393431973,650,0.35621581199247804,0.1599854975938797,0.1629880964756012,0.9405066666666667,49.27731187499012
prior_draw_15,adaptive_blocked,0.2028722393431973,675,0.35663821718935235,0.1579444855451584,0.160855233669281,0.9413866666666667,52.83941074999166
prior_draw_15,adaptive_blocked,0.2028722393431973,700,0.357027613354208,0.15637612342834473,0.15928107500076294,0.9418933333333334,55.5602927919972
prior_draw_15,adaptive_blocked,0.2028722393431973,725,0.3573259801196666,0.1547349989414215,0.15781182050704956,0.9423466666666667,59.3090217919962
prior_draw_15,adaptive_blocked,0.2028722393431973,750,0.35765769021729127,0.15346047282218933,0.1565571427345276,0.9426666666666667,62.1958683339908
prior_draw_16,fixed,0.16507068845153322,25,0.16507068845153322,0.5193834900856018,0.521356463432312,0.7844266666666667,0.6954866250016494
prior_draw_16,fixed,0.16507068845153322,50,0.16507068845153322,0.4610674977302551,0.46298864483833313,0.8024533333333334,1.3675824160018237
prior_draw_16,fixed,0.16507068845153322,75,0.16507068845153322,0.4318530261516571,0.43427368998527527,0.81464,2.0324487909965683
prior_draw_16,fixed,0.16507068845153322,100,0.16507068845153322,0.40336310863494873,0.40571328997612,0.8288266666666667,2.7236009999905946
prior_draw_16,fixed,0.16507068845153322,125,0.16507068845153322,0.3822912871837616,0.3843573331832886,0.8397066666666667,3.4183947909914423
prior_draw_16,fixed,0.16507068845153322,150,0.16507068845153322,0.35960280895233154,0.3609701693058014,0.8516,4.127749915991444
prior_draw_16,fixed,0.16507068845153322,175,0.16507068845153322,0.3436233103275299,0.34465959668159485,0.8594133333333334,4.834622624999611
prior_draw_16,fixed,0.16507068845153322,200,0.16507068845153322,0.32797423005104065,0.32883691787719727,0.8675466666666667,5.550659250002354
prior_draw_16,fixed,0.16507068845153322,225,0.16507068845153322,0.31415894627571106,0.31497687101364136,0.87376,6.2605710409989115
prior_draw_16,fixed,0.16507068845153322,250,0.16507068845153322,0.30198514461517334,0.3029532730579376,0.8792533333333333,6.963150165989646
prior_draw_16,fixed,0.16507068845153322,275,0.16507068845153322,0.29098832607269287,0.2921203076839447,0.8840533333333334,7.669250249993638
prior_draw_16,fixed,0.16507068845153322,300,0.16507068845153322,0.2804250121116638,0.2816218435764313,0.88904,8.38539845799096
prior_draw_16,fixed,0.16507068845153322,325,0.16507068845153322,0.2707774341106415,0.27197909355163574,0.8939466666666667,9.082257874993957
prior_draw_16,fixed,0.16507068845153322,350,0.16507068845153322,0.2630872130393982,0.2643686532974243,0.8976266666666667,9.792196624999633
prior_draw_16,fixed,0.16507068845153322,375,0.16507068845153322,0.2546786963939667,0.25621381402015686,0.9014133333333333,10.502474749999237
prior_draw_16,fixed,0.16507068845153322,400,0.16507068845153322,0.2490071803331375,0.2502754032611847,0.9040533333333334,11.19765954099421
prior_draw_16,fixed,0.16507068845153322,425,0.16507068845153322,0.24229390919208527,0.24349729716777802,0.9081866666666667,11.913776916000643
prior_draw_16,fixed,0.16507068845153322,450,0.16507068845153322,0.23746024072170258,0.23889093101024628,0.9096,12.619724916003179
prior_draw_16,fixed,0.16507068845153322,475,0.16507068845153322,0.23331448435783386,0.2347717136144638,0.9114666666666666,13.318776999993133
prior_draw_16,fixed,0.16507068845153322,500,0.16507068845153322,0.22922778129577637,0.23075301945209503,0.91312,14.013557749989559
prior_draw_16,fixed,0.16507068845153322,525,0.16507068845153322,0.22490796446800232,0.22662025690078735,0.9154666666666667,14.71576766599901
prior_draw_16,fixed,0.16507068845153322,550,0.16507068845153322,0.22059252858161926,0.22242161631584167,0.9173866666666667,15.429437332990346
prior_draw_16,fixed,0.16507068845153322,575,0.16507068845153322,0.21703550219535828,0.2187058925628662,0.9190666666666667,16.135235249996185
prior_draw_16,fixed,0.16507068845153322,600,0.16507068845153322,0.21362224221229553,0.21530966460704803,0.9203466666666666,16.841121958001168
prior_draw_16,fixed,0.16507068845153322,625,0.16507068845153322,0.21032772958278656,0.21202947199344635,0.9213866666666667,17.54313700000057
prior_draw_16,fixed,0.16507068845153322,650,0.16507068845153322,0.20784538984298706,0.20940183103084564,0.9225333333333333,18.24219458299922
prior_draw_16,fixed,0.16507068845153322,675,0.16507068845153322,0.20421668887138367,0.20577149093151093,0.9239733333333333,18.94520258299599
prior_draw_16,fixed,0.16507068845153322,700,0.16507068845153322,0.20158620178699493,0.20289970934391022,0.92512,19.653641375000007
prior_draw_16,fixed,0.16507068845153322,725,0.16507068845153322,0.19864213466644287,0.19986587762832642,0.9260266666666667,20.361072290994343
prior_draw_16,fixed,0.16507068845153322,750,0.16507068845153322,0.19586549699306488,0.1971990466117859,0.92696,21.06684108299669
prior_draw_16,adaptive_blocked,0.16507068845153322,25,0.22491101564473043,0.5030694603919983,0.5048012733459473,0.78872,0.7696319589886116
prior_draw_16,adaptive_blocked,0.16507068845153322,50,0.23798054614237146,0.44263890385627747,0.44500160217285156,0.81096,1.5613095000007888
prior_draw_16,adaptive_blocked,0.16507068845153322,75,0.243859011396794,0.401764839887619,0.4042215049266815,0.8300533333333333,2.5377900839957874
prior_draw_16,adaptive_blocked,0.16507068845153322,100,0.2518346691321028,0.3648760914802551,0.3669172525405884,0.8498933333333333,3.497357791988179
prior_draw_16,adaptive_blocked,0.16507068845153322,125,0.2557037404295919,0.3365146219730377,0.3382105827331543,0.8633866666666666,4.681190624993178
prior_draw_16,adaptive_blocked,0.16507068845153322,150,0.2610669924703708,0.3151567280292511,0.31721511483192444,0.8718933333333333,5.7711355419887695
prior_draw_16,adaptive_blocked,0.16507068845153322,175,0.26396179806395154,0.2961699962615967,0.2978167235851288,0.8804266666666667,7.184644875000231
prior_draw_16,adaptive_blocked,0.16507068845153322,200,0.26808117627808115,0.2786324620246887,0.28073209524154663,0.8891466666666666,8.407478749999427
prior_draw_16,adaptive_blocked,0.16507068845153322,225,0.27046499554849585,0.2643434405326843,0.26618385314941406,0.8963733333333334,10.029473083995981
prior_draw_16,adaptive_blocked,0.16507068845153322,250,0.27354906013920033,0.25061604380607605,0.25241419672966003,0.9021866666666667,11.420721083995886
prior_draw_16,adaptive_blocked,0.16507068845153322,275,0.27498981367035746,0.24092447757720947,0.24286599457263947,0.9076533333333333,13.260060959000839
prior_draw_16,adaptive_blocked,0.16507068845153322,300,0.27723102481118855,0.2319268435239792,0.2339930236339569,0.9116266666666667,14.798120916995686
prior_draw_16,adaptive_blocked,0.16507068845153322,325,0.278693630455259,0.22274228930473328,0.22479844093322754,0.91512,16.921405749992118
prior_draw_16,adaptive_blocked,0.16507068845153322,350,0.28043963479733347,0.21563705801963806,0.2176734060049057,0.91872,18.64726499999233
prior_draw_16,adaptive_blocked,0.16507068845153322,375,0.28106091175038933,0.21139520406723022,0.2133810967206955,0.91944,20.95613891699759
prior_draw_16,adaptive_blocked,0.16507068845153322,400,0.28252999630091724,0.20501279830932617,0.2067786008119583,0.92176,22.80008000000089
prior_draw_16,adaptive_blocked,0.16507068845153322,425,0.2831472082035872,0.2008810192346573,0.20230914652347565,0.92384,25.337751624989323
prior_draw_16,adaptive_blocked,0.16507068845153322,450,0.2845063027325595,0.19502568244934082,0.19643689692020416,0.9261866666666667,27.37366816699796
prior_draw_16,adaptive_blocked,0.16507068845153322,475,0.2851142440081208,0.19108644127845764,0.19284005463123322,0.9279733333333333,30.138981833995786
prior_draw_16,adaptive_blocked,0.16507068845153322,500,0.2858856288141669,0.1880459040403366,0.18977080285549164,0.9289333333333334,32.28471274999902
prior_draw_16,adaptive_blocked,0.16507068845153322,525,0.28637151359786256,0.18414528667926788,0.185329869389534,0.9305866666666667,35.280151874991134
prior_draw_16,adaptive_blocked,0.16507068845153322,550,0.28723147746020755,0.1810465157032013,0.18212328851222992,0.9323466666666667,37.609834249989945
prior_draw_16,adaptive_blocked,0.16507068845153322,575,0.2877475558112972,0.17759296298027039,0.1789691150188446,0.9339733333333333,40.842596417001914
prior_draw_16,adaptive_blocked,0.16507068845153322,600,0.28837541707337444,0.1750929355621338,0.1764049530029297,0.9347733333333333,43.30924808399868
prior_draw_16,adaptive_blocked,0.16507068845153322,625,0.28884487694011346,0.17203550040721893,0.17317667603492737,0.9357333333333333,46.772650749990134
prior_draw_16,adaptive_blocked,0.16507068845153322,650,0.289400790759614,0.16978499293327332,0.17113982141017914,0.9365333333333333,49.42646870898898
prior_draw_16,adaptive_blocked,0.16507068845153322,675,0.2896638291193592,0.16788804531097412,0.1689968854188919,0.9376266666666667,53.124914542000624
prior_draw_16,adaptive_blocked,0.16507068845153322,700,0.2900909298852623,0.16614167392253876,0.16763262450695038,0.93856,55.84039949999715
prior_draw_16,adaptive_blocked,0.16507068845153322,725,0.2903196824258831,0.16430288553237915,0.16601096093654633,0.9387466666666666,59.75588762499683
prior_draw_16,adaptive_blocked,0.16507068845153322,750,0.29064945931268005,0.16307130455970764,0.16487495601177216,0.93904,62.64438445899577
prior_draw_17,fixed,0.36176960757866555,25,0.36176960757866555,0.4456923305988312,0.4497341811656952,0.80592,0.6981221660098527
prior_draw_17,fixed,0.36176960757866555,50,0.36176960757866555,0.37707090377807617,0.3812917470932007,0.84152,1.397565666004084
prior_draw_17,fixed,0.36176960757866555,75,0.36176960757866555,0.3376217186450958,0.3414247930049896,0.8603733333333333,2.1024659579998115
prior_draw_17,fixed,0.36176960757866555,100,0.36176960757866555,0.30277708172798157,0.30648693442344666,0.876,2.8202062909986125
prior_draw_17,fixed,0.36176960757866555,125,0.36176960757866555,0.2803631126880646,0.2840978503227234,0.88696,3.5559623750013998
prior_draw_17,fixed,0.36176960757866555,150,0.36176960757866555,0.259704053401947,0.26322686672210693,0.8968,4.264550291001797
prior_draw_17,fixed,0.36176960757866555,175,0.36176960757866555,0.24641411006450653,0.2502237558364868,0.902,4.981294583005365
prior_draw_17,fixed,0.36176960757866555,200,0.36176960757866555,0.234628364443779,0.2389594316482544,0.9069866666666667,5.6924330410111
prior_draw_17,fixed,0.36176960757866555,225,0.36176960757866555,0.22462843358516693,0.22870779037475586,0.91208,6.40190770800109
prior_draw_17,fixed,0.36176960757866555,250,0.36176960757866555,0.21546797454357147,0.219279944896698,0.9170933333333333,7.116510000007111
prior_draw_17,fixed,0.36176960757866555,275,0.36176960757866555,0.20780763030052185,0.21170547604560852,0.9202133333333333,7.838811875000829
prior_draw_17,fixed,0.36176960757866555,300,0.36176960757866555,0.2022511214017868,0.20594650506973267,0.9235466666666666,8.546890541008906
prior_draw_17,fixed,0.36176960757866555,325,0.36176960757866555,0.19714994728565216,0.2003687024116516,0.9254133333333333,9.25923095800681
prior_draw_17,fixed,0.36176960757866555,350,0.36176960757866555,0.19192296266555786,0.19565604627132416,0.9274133333333333,9.968467250000685
prior_draw_17,fixed,0.36176960757866555,375,0.36176960757866555,0.1871839463710785,0.19135087728500366,0.9289333333333334,10.673316500004148
prior_draw_17,fixed,0.36176960757866555,400,0.36176960757866555,0.18349698185920715,0.18806877732276917,0.93048,11.372507207997842
prior_draw_17,fixed,0.36176960757866555,425,0.36176960757866555,0.17981839179992676,0.1843990683555603,0.93128,12.102770875004353
prior_draw_17,fixed,0.36176960757866555,450,0.36176960757866555,0.17627458274364471,0.18073852360248566,0.9329333333333333,12.814728750003269
prior_draw_17,fixed,0.36176960757866555,475,0.36176960757866555,0.17361973226070404,0.177897647023201,0.9340266666666667,13.519692166009918
prior_draw_17,fixed,0.36176960757866555,500,0.36176960757866555,0.17073287069797516,0.175297349691391,0.93488,14.21883600000001
prior_draw_17,fixed,0.36176960757866555,525,0.36176960757866555,0.1682501882314682,0.1728295385837555,0.93552,14.926986750011565
prior_draw_17,fixed,0.36176960757866555,550,0.36176960757866555,0.16575132310390472,0.1703885793685913,0.9369066666666667,15.635137916004169
prior_draw_17,fixed,0.36176960757866555,575,0.36176960757866555,0.16372668743133545,0.16806764900684357,0.9379466666666667,16.341985083010513
prior_draw_17,fixed,0.36176960757866555,600,0.36176960757866555,0.16186383366584778,0.16619127988815308,0.93864,17.042851541002165
prior_draw_17,fixed,0.36176960757866555,625,0.36176960757866555,0.16060680150985718,0.16481554508209229,0.93928,17.74097475000599
prior_draw_17,fixed,0.36176960757866555,650,0.36176960757866555,0.1591818481683731,0.16370579600334167,0.9398666666666666,18.4569535410119
prior_draw_17,fixed,0.36176960757866555,675,0.36176960757866555,0.15737688541412354,0.16238324344158173,0.94072,19.154753125010757
prior_draw_17,fixed,0.36176960757866555,700,0.36176960757866555,0.15630501508712769,0.16135841608047485,0.9412266666666667,19.843930791001185
prior_draw_17,fixed,0.36176960757866555,725,0.36176960757866555,0.15536253154277802,0.15996862947940826,0.94176,20.5469046250073
prior_draw_17,fixed,0.36176960757866555,750,0.36176960757866555,0.15414172410964966,0.15870371460914612,0.9423466666666667,21.239410499998485
prior_draw_17,adaptive_blocked,0.36176960757866555,25,0.4913349954121821,0.4334057867527008,0.4377041161060333,0.8135466666666666,0.7639870410057483
prior_draw_17,adaptive_blocked,0.36176960757866555,50,0.5457908228937641,0.36267444491386414,0.365619957447052,0.8465866666666667,1.5937384580029175
prior_draw_17,adaptive_blocked,0.36176960757866555,75,0.5794788236523165,0.29710644483566284,0.2994619309902191,0.8807466666666667,2.6172565830056556
prior_draw_17,adaptive_blocked,0.36176960757866555,100,0.6053193597368925,0.26637405157089233,0.269185870885849,0.89424,3.780164166004397
prior_draw_17,adaptive_blocked,0.36176960757866555,125,0.617977539388769,0.23864229023456573,0.24157458543777466,0.90656,5.02225554100005
prior_draw_17,adaptive_blocked,0.36176960757866555,150,0.6346003580888975,0.21937350928783417,0.2230495810508728,0.91464,6.214413458001218
prior_draw_17,adaptive_blocked,0.36176960757866555,175,0.6420610749091582,0.20497794449329376,0.20852135121822357,0.9212266666666666,7.682511916005751
prior_draw_17,adaptive_blocked,0.36176960757866555,200,0.6478455092711243,0.19656150043010712,0.19945238530635834,0.92656,8.98039804099244
prior_draw_17,adaptive_blocked,0.36176960757866555,225,0.6525366612352225,0.1864585131406784,0.18899908661842346,0.93032,10.651788250004756
prior_draw_17,adaptive_blocked,0.36176960757866555,250,0.6571270862937734,0.17943823337554932,0.18245278298854828,0.9328533333333333,12.061267707991647
prior_draw_17,adaptive_blocked,0.36176960757866555,275,0.6591448643803369,0.1735830008983612,0.1767987757921219,0.9346933333333334,13.962181750001037
prior_draw_17,adaptive_blocked,0.36176960757866555,300,0.6613678435552172,0.16931279003620148,0.17240369319915771,0.93696,15.53037716599647
prior_draw_17,adaptive_blocked,0.36176960757866555,325,0.662063867033391,0.16659420728683472,0.16936863958835602,0.9381866666666666,17.654826208003215
prior_draw_17,adaptive_blocked,0.36176960757866555,350,0.6630872359640463,0.16328327357769012,0.16652581095695496,0.9389333333333333,19.37794412499352
prior_draw_17,adaptive_blocked,0.36176960757866555,375,0.6639326446122439,0.1605808585882187,0.16506510972976685,0.9404,21.734430083000916
prior_draw_17,adaptive_blocked,0.36176960757866555,400,0.6645819368335456,0.15840654075145721,0.16304095089435577,0.9409866666666666,23.692238250005175
prior_draw_17,adaptive_blocked,0.36176960757866555,425,0.6648803953521601,0.15655726194381714,0.1610005795955658,0.9412533333333334,26.25409012500313
prior_draw_17,adaptive_blocked,0.36176960757866555,450,0.6648630244773055,0.154832661151886,0.1589542180299759,0.9420266666666667,28.426856165999197
prior_draw_17,adaptive_blocked,0.36176960757866555,475,0.665407973061587,0.15307284891605377,0.15679831802845,0.94304,31.160383499998716
prior_draw_17,adaptive_blocked,0.36176960757866555,500,0.6649852992639079,0.15219804644584656,0.1564447432756424,0.9438666666666666,33.36310349999985
prior_draw_17,adaptive_blocked,0.36176960757866555,525,0.6640256104556026,0.1517847627401352,0.1562703549861908,0.9441333333333334,36.37619199999608
prior_draw_17,adaptive_blocked,0.36176960757866555,550,0.6635894399320987,0.15124228596687317,0.15563787519931793,0.9446133333333333,38.648857374995714
prior_draw_17,adaptive_blocked,0.36176960757866555,575,0.6634837016421712,0.15025463700294495,0.15507586300373077,0.9450666666666667,41.82092154100246
prior_draw_17,adaptive_blocked,0.36176960757866555,600,0.6634819426432275,0.1495257019996643,0.15474902093410492,0.9453866666666667,44.20042100000137
prior_draw_17,adaptive_blocked,0.36176960757866555,625,0.6634050916805758,0.1486596316099167,0.15392231941223145,0.9458933333333334,47.52233041600266
prior_draw_17,adaptive_blocked,0.36176960757866555,650,0.663117158808131,0.14820098876953125,0.15391650795936584,0.94624,50.04338162500062
prior_draw_17,adaptive_blocked,0.36176960757866555,675,0.6628098049416833,0.14774176478385925,0.1528114527463913,0.9470933333333333,53.74165008300042
prior_draw_17,adaptive_blocked,0.36176960757866555,700,0.6623256178201864,0.1474720537662506,0.1525803804397583,0.9469333333333333,56.55271362500207
prior_draw_17,adaptive_blocked,0.36176960757866555,725,0.6619475203054102,0.1471274197101593,0.15213465690612793,0.9475733333333334,60.56211941600486
prior_draw_17,adaptive_blocked,0.36176960757866555,750,0.6613947508444735,0.14703623950481415,0.15176093578338623,0.9478133333333333,63.531388082992635
prior_draw_18,fixed,0.22704964221064544,25,0.22704964221064544,0.49130353331565857,0.4959549009799957,0.7895733333333333,0.7044509170082165
prior_draw_18,fixed,0.22704964221064544,50,0.22704964221064544,0.4408388137817383,0.44457343220710754,0.80816,1.3802189590060152
prior_draw_18,fixed,0.22704964221064544,75,0.22704964221064544,0.40024757385253906,0.4030608832836151,0.82912,2.0797863750049146
prior_draw_18,fixed,0.22704964221064544,100,0.22704964221064544,0.3688215911388397,0.37146759033203125,0.8455733333333333,2.791077834001044
prior_draw_18,fixed,0.22704964221064544,125,0.22704964221064544,0.3426086902618408,0.34517478942871094,0.86024,3.4937544999993406
prior_draw_18,fixed,0.22704964221064544,150,0.22704964221064544,0.3201363682746887,0.3224013149738312,0.8702133333333333,4.217922416995862
prior_draw_18,fixed,0.22704964221064544,175,0.22704964221064544,0.29984068870544434,0.30149930715560913,0.8801866666666667,4.955749834000017
prior_draw_18,fixed,0.22704964221064544,200,0.22704964221064544,0.2857343852519989,0.28743645548820496,0.8862933333333334,5.678265709007974
prior_draw_18,fixed,0.22704964221064544,225,0.22704964221064544,0.2742244005203247,0.27626121044158936,0.8915466666666667,6.40026329200191
prior_draw_18,fixed,0.22704964221064544,250,0.22704964221064544,0.26270943880081177,0.26471754908561707,0.89712,7.126158583996585
prior_draw_18,fixed,0.22704964221064544,275,0.22704964221064544,0.25077036023139954,0.25268372893333435,0.9032533333333334,7.857535458999337
prior_draw_18,fixed,0.22704964221064544,300,0.22704964221064544,0.24418866634368896,0.24584585428237915,0.90584,8.558815166994464
prior_draw_18,fixed,0.22704964221064544,325,0.22704964221064544,0.2365543246269226,0.23828619718551636,0.90944,9.288021917003789
prior_draw_18,fixed,0.22704964221064544,350,0.22704964221064544,0.2320229411125183,0.23358437418937683,0.9109066666666666,10.00238916699891
prior_draw_18,fixed,0.22704964221064544,375,0.22704964221064544,0.22598549723625183,0.2274671047925949,0.9133333333333333,10.718815542000812
prior_draw_18,fixed,0.22704964221064544,400,0.22704964221064544,0.22010812163352966,0.2215804159641266,0.91672,11.44640095900104
prior_draw_18,fixed,0.22704964221064544,425,0.22704964221064544,0.21488700807094574,0.21655906736850739,0.91888,12.170465083996532
prior_draw_18,fixed,0.22704964221064544,450,0.22704964221064544,0.2098090797662735,0.2115589827299118,0.9206133333333333,12.89517629200418
prior_draw_18,fixed,0.22704964221064544,475,0.22704964221064544,0.2053905874490738,0.2072782665491104,0.92256,13.610629625007277
prior_draw_18,fixed,0.22704964221064544,500,0.22704964221064544,0.2018423229455948,0.20387427508831024,0.924,14.319939417007845
prior_draw_18,fixed,0.22704964221064544,525,0.22704964221064544,0.19817928969860077,0.20032981038093567,0.92512,15.038515916996403
prior_draw_18,fixed,0.22704964221064544,550,0.22704964221064544,0.1941702663898468,0.1963462233543396,0.9270666666666667,15.753307874998427
prior_draw_18,fixed,0.22704964221064544,575,0.22704964221064544,0.19053010642528534,0.19256901741027832,0.92856,16.459666084003402
prior_draw_18,fixed,0.22704964221064544,600,0.22704964221064544,0.18798492848873138,0.18991948664188385,0.92952,17.16685999999754
prior_draw_18,fixed,0.22704964221064544,625,0.22704964221064544,0.18490596115589142,0.18653161823749542,0.9305866666666667,17.886314959003357
prior_draw_18,fixed,0.22704964221064544,650,0.22704964221064544,0.18228580057621002,0.18392649292945862,0.9318666666666666,18.606113292000373
prior_draw_18,fixed,0.22704964221064544,675,0.22704964221064544,0.18044732511043549,0.18213419616222382,0.9327466666666666,19.31023445900064
prior_draw_18,fixed,0.22704964221064544,700,0.22704964221064544,0.17872364819049835,0.18035359680652618,0.9328,20.01374612499785
prior_draw_18,fixed,0.22704964221064544,725,0.22704964221064544,0.1766185164451599,0.17837929725646973,0.93384,20.717961959002423
prior_draw_18,fixed,0.22704964221064544,750,0.22704964221064544,0.17434802651405334,0.17647723853588104,0.9344,21.45038070900773
prior_draw_18,adaptive_blocked,0.22704964221064544,25,0.30749777747480345,0.47612687945365906,0.48021167516708374,0.7937866666666666,0.7808744159992784
prior_draw_18,adaptive_blocked,0.22704964221064544,50,0.3308581310876233,0.40610718727111816,0.40961915254592896,0.82672,1.6029740829981165
prior_draw_18,adaptive_blocked,0.22704964221064544,75,0.3411895687384361,0.36038681864738464,0.36347082257270813,0.8501333333333333,2.6097044159978395
prior_draw_18,adaptive_blocked,0.22704964221064544,100,0.35496795033564865,0.321206659078598,0.32391828298568726,0.87024,3.594295749993762
prior_draw_18,adaptive_blocked,0.22704964221064544,125,0.36199816491249015,0.2919646203517914,0.29396674036979675,0.8845333333333333,4.924511416000314
prior_draw_18,adaptive_blocked,0.22704964221064544,150,0.37048311677336304,0.2693081200122833,0.2717449367046356,0.8941333333333333,6.100613874994451
prior_draw_18,adaptive_blocked,0.22704964221064544,175,0.3746039701336438,0.2532542943954468,0.2560668885707855,0.9014933333333334,7.511835500001325
prior_draw_18,adaptive_blocked,0.22704964221064544,200,0.3796661869071117,0.23939770460128784,0.242420956492424,0.9076533333333333,8.769728333005332
prior_draw_18,adaptive_blocked,0.22704964221064544,225,0.38290633994991413,0.226538747549057,0.2299732267856598,0.9129333333333334,10.40364791599859
prior_draw_18,adaptive_blocked,0.22704964221064544,250,0.3864953555753331,0.21712401509284973,0.22059406340122223,0.9169866666666666,11.800291166000534
prior_draw_18,adaptive_blocked,0.22704964221064544,275,0.38888755666297664,0.20716440677642822,0.2104843407869339,0.92112,13.977731915991171
prior_draw_18,adaptive_blocked,0.22704964221064544,300,0.39160368094914316,0.20013649761676788,0.2035602629184723,0.9239733333333333,15.64115858299192
prior_draw_18,adaptive_blocked,0.22704964221064544,325,0.3930334087484995,0.1944459080696106,0.1977321356534958,0.9258933333333333,17.796453165996354
prior_draw_18,adaptive_blocked,0.22704964221064544,350,0.3948552339078156,0.18917126953601837,0.19254070520401,0.9284266666666666,19.502807249999023
prior_draw_18,adaptive_blocked,0.22704964221064544,375,0.395973965206862,0.18437793850898743,0.18811531364917755,0.9296,21.787613416003296
prior_draw_18,adaptive_blocked,0.22704964221064544,400,0.39770763904630724,0.17923447489738464,0.18272264301776886,0.93216,23.66633274999913
prior_draw_18,adaptive_blocked,0.22704964221064544,425,0.3980969266004503,0.1773717701435089,0.18072126805782318,0.9338133333333334,26.106390624991036
prior_draw_18,adaptive_blocked,0.22704964221064544,450,0.39925550145048994,0.1736610382795334,0.17752046883106232,0.9348533333333333,28.060644124998362
prior_draw_18,adaptive_blocked,0.22704964221064544,475,0.39972539806672813,0.17091523110866547,0.17467884719371796,0.9362666666666667,30.778076832997613
prior_draw_18,adaptive_blocked,0.22704964221064544,500,0.4007702681668334,0.16819453239440918,0.1722111999988556,0.9368,32.89889108299394
prior_draw_18,adaptive_blocked,0.22704964221064544,525,0.40116763320299714,0.165961354970932,0.1697525531053543,0.93776,35.983470082996064
prior_draw_18,adaptive_blocked,0.22704964221064544,550,0.40240992557561955,0.1622394472360611,0.16662241518497467,0.9390933333333333,38.3341274580016
prior_draw_18,adaptive_blocked,0.22704964221064544,575,0.40274573225688703,0.16060404479503632,0.1644335389137268,0.9398133333333333,41.71102391599561
prior_draw_18,adaptive_blocked,0.22704964221064544,600,0.403304640312928,0.15865233540534973,0.16251800954341888,0.94048,44.20106045799912
prior_draw_18,adaptive_blocked,0.22704964221064544,625,0.4035000671131558,0.15723611414432526,0.16062872111797333,0.94088,47.67610174999572
prior_draw_18,adaptive_blocked,0.22704964221064544,650,0.40401824103975004,0.15558889508247375,0.15865401923656464,0.9417333333333333,50.41923849999148
prior_draw_18,adaptive_blocked,0.22704964221064544,675,0.40435417299159926,0.15392906963825226,0.15695692598819733,0.9427733333333334,54.28553316599573
prior_draw_18,adaptive_blocked,0.22704964221064544,700,0.40486436213992605,0.15222224593162537,0.15565426647663116,0.94296,57.19567079099943
prior_draw_18,adaptive_blocked,0.22704964221064544,725,0.4049126932949242,0.15158767998218536,0.15450669825077057,0.9436,61.220418124998105
prior_draw_18,adaptive_blocked,0.22704964221064544,750,0.4053512059153843,0.14989763498306274,0.15301692485809326,0.9444533333333334,64.39123900000413
prior_draw_19,fixed,0.17479494764372833,25,0.17479494764372833,0.5151453018188477,0.5174233913421631,0.7841066666666666,0.7329269589972682
prior_draw_19,fixed,0.17479494764372833,50,0.17479494764372833,0.4610300064086914,0.464145302772522,0.8018933333333333,1.3988812919997144
prior_draw_19,fixed,0.17479494764372833,75,0.17479494764372833,0.4278024733066559,0.4311756491661072,0.8166666666666667,2.0992009170004167
prior_draw_19,fixed,0.17479494764372833,100,0.17479494764372833,0.3968487083911896,0.399873286485672,0.83272,2.81011370899796
prior_draw_19,fixed,0.17479494764372833,125,0.17479494764372833,0.37266722321510315,0.3752225637435913,0.8444533333333333,3.541445750001003
prior_draw_19,fixed,0.17479494764372833,150,0.17479494764372833,0.34922319650650024,0.351270467042923,0.85792,4.278072749992134
prior_draw_19,fixed,0.17479494764372833,175,0.17479494764372833,0.3339444398880005,0.3359863758087158,0.8634133333333334,4.989029167001718
prior_draw_19,fixed,0.17479494764372833,200,0.17479494764372833,0.3186139464378357,0.32042452692985535,0.8704,5.733870208990993
prior_draw_19,fixed,0.17479494764372833,225,0.17479494764372833,0.3061756193637848,0.3079289197921753,0.8765866666666666,6.473818416998256
prior_draw_19,fixed,0.17479494764372833,250,0.17479494764372833,0.29394620656967163,0.29546257853507996,0.8832,7.175844208992203
prior_draw_19,fixed,0.17479494764372833,275,0.17479494764372833,0.28156378865242004,0.28297552466392517,0.8894133333333333,7.916560541998479
prior_draw_19,fixed,0.17479494764372833,300,0.17479494764372833,0.2731059789657593,0.27457094192504883,0.89352,8.610959999990882
prior_draw_19,fixed,0.17479494764372833,325,0.17479494764372833,0.2652532160282135,0.26681557297706604,0.89792,9.333577333993162
prior_draw_19,fixed,0.17479494764372833,350,0.17479494764372833,0.25680673122406006,0.25837674736976624,0.90096,10.080346333998023
prior_draw_19,fixed,0.17479494764372833,375,0.17479494764372833,0.2512750029563904,0.25282686948776245,0.9034933333333334,10.773477833994548
prior_draw_19,fixed,0.17479494764372833,400,0.17479494764372833,0.24458706378936768,0.24629679322242737,0.9057333333333333,11.506602041990845
prior_draw_19,fixed,0.17479494764372833,425,0.17479494764372833,0.23804984986782074,0.23967422544956207,0.90864,12.216969208995579
prior_draw_19,fixed,0.17479494764372833,450,0.17479494764372833,0.23336729407310486,0.23500770330429077,0.9107733333333333,12.947092666989192
prior_draw_19,fixed,0.17479494764372833,475,0.17479494764372833,0.2279273420572281,0.22958797216415405,0.91336,13.661228958997526
prior_draw_19,fixed,0.17479494764372833,500,0.17479494764372833,0.22336989641189575,0.22531546652317047,0.9150933333333333,14.400792250002269
prior_draw_19,fixed,0.17479494764372833,525,0.17479494764372833,0.2189139574766159,0.2209276258945465,0.9168,15.121951249995618
prior_draw_19,fixed,0.17479494764372833,550,0.17479494764372833,0.214560866355896,0.21679037809371948,0.9184533333333333,15.836908874989604
prior_draw_19,fixed,0.17479494764372833,575,0.17479494764372833,0.2105032354593277,0.21281059086322784,0.9203466666666666,16.563758709002286
prior_draw_19,fixed,0.17479494764372833,600,0.17479494764372833,0.20719678699970245,0.20942281186580658,0.92176,17.265553042001557
prior_draw_19,fixed,0.17479494764372833,625,0.17479494764372833,0.204260915517807,0.2065040022134781,0.9230933333333333,17.997650124991196
prior_draw_19,fixed,0.17479494764372833,650,0.17479494764372833,0.20158497989177704,0.20380166172981262,0.92408,18.68130429199664
prior_draw_19,fixed,0.17479494764372833,675,0.17479494764372833,0.19931823015213013,0.20139198005199432,0.9246133333333333,19.391342374990927
prior_draw_19,fixed,0.17479494764372833,700,0.17479494764372833,0.19621479511260986,0.1981429010629654,0.9262666666666667,20.11933354199573
prior_draw_19,fixed,0.17479494764372833,725,0.17479494764372833,0.1939081996679306,0.19601444900035858,0.92704,20.817729333997704
prior_draw_19,fixed,0.17479494764372833,750,0.17479494764372833,0.19115737080574036,0.19326697289943695,0.9282133333333333,21.5467175419908
prior_draw_19,adaptive_blocked,0.17479494764372833,25,0.23778440742781123,0.49730223417282104,0.5005641579627991,0.79,0.7841005829977803
prior_draw_19,adaptive_blocked,0.17479494764372833,50,0.2519216848916459,0.4369245171546936,0.43906718492507935,0.8149333333333333,1.5712202080030693
prior_draw_19,adaptive_blocked,0.17479494764372833,75,0.2586369622364975,0.3911912441253662,0.39424800872802734,0.8361066666666667,2.5838769160036463
prior_draw_19,adaptive_blocked,0.17479494764372833,100,0.2670443340241745,0.35801777243614197,0.3608093857765198,0.8518666666666667,3.580547582998406
prior_draw_19,adaptive_blocked,0.17479494764372833,125,0.2711925870766123,0.3335922956466675,0.3366006910800934,0.8633333333333333,4.818930624998757
prior_draw_19,adaptive_blocked,0.17479494764372833,150,0.2770251190413768,0.3081299662590027,0.3106260895729065,0.8751733333333334,5.96093945800385
prior_draw_19,adaptive_blocked,0.17479494764372833,175,0.2806739087311607,0.28543609380722046,0.2882787883281708,0.88592,7.41803595800593
prior_draw_19,adaptive_blocked,0.17479494764372833,200,0.28541853431072967,0.2675272822380066,0.2704560458660126,0.8950933333333333,8.707936291000806
prior_draw_19,adaptive_blocked,0.17479494764372833,225,0.2875425558354603,0.25471770763397217,0.25773337483406067,0.9002933333333333,10.374892416002695
prior_draw_19,adaptive_blocked,0.17479494764372833,250,0.290614680182765,0.24285656213760376,0.24498921632766724,0.9062933333333333,11.852529249998042
prior_draw_19,adaptive_blocked,0.17479494764372833,275,0.29191086274934885,0.23456744849681854,0.23686012625694275,0.91016,13.725527375005186
prior_draw_19,adaptive_blocked,0.17479494764372833,300,0.29445789852491777,0.22471171617507935,0.2276018261909485,0.9134133333333333,15.291330833002576
prior_draw_19,adaptive_blocked,0.17479494764372833,325,0.29567454967778306,0.2179321050643921,0.2201678454875946,0.9173066666666667,17.390045000007376
prior_draw_19,adaptive_blocked,0.17479494764372833,350,0.2972782017342285,0.21129430830478668,0.21344442665576935,0.9201066666666666,19.111415249994025
prior_draw_19,adaptive_blocked,0.17479494764372833,375,0.29816028169159714,0.2061024159193039,0.20828936994075775,0.9222666666666667,21.436353958008112
prior_draw_19,adaptive_blocked,0.17479494764372833,400,0.29945951371006113,0.2009034901857376,0.2031649649143219,0.9238933333333333,23.30728312500287
prior_draw_19,adaptive_blocked,0.17479494764372833,425,0.30016648642966215,0.19660262763500214,0.1982889622449875,0.9253866666666667,25.91444562500692
prior_draw_19,adaptive_blocked,0.17479494764372833,450,0.3014364243118473,0.19135428965091705,0.19272644817829132,0.9278933333333333,27.948795666001388
prior_draw_19,adaptive_blocked,0.17479494764372833,475,0.30189917979004044,0.1883465051651001,0.18954838812351227,0.9295733333333334,30.81996304099448
prior_draw_19,adaptive_blocked,0.17479494764372833,500,0.30281267422456004,0.18466942012310028,0.18539263308048248,0.9314133333333333,33.033157500001835
prior_draw_19,adaptive_blocked,0.17479494764372833,525,0.3032287786597045,0.18189914524555206,0.18246112763881683,0.9322666666666667,36.08147674999782
prior_draw_19,adaptive_blocked,0.17479494764372833,550,0.30417314204203355,0.1780489832162857,0.17872284352779388,0.9341866666666667,38.43804079100664
prior_draw_19,adaptive_blocked,0.17479494764372833,575,0.30460958209126104,0.175523042678833,0.17618729174137115,0.9347466666666666,41.72397179099789
prior_draw_19,adaptive_blocked,0.17479494764372833,600,0.30510919073044324,0.17333681881427765,0.1741161197423935,0.93552,44.21224049999728
prior_draw_19,adaptive_blocked,0.17479494764372833,625,0.30537351634213894,0.17161069810390472,0.1721811145544052,0.9366666666666666,47.771140583005035
prior_draw_19,adaptive_blocked,0.17479494764372833,650,0.30584372257081244,0.16961129009723663,0.17017608880996704,0.9369866666666666,50.501223083003424
prior_draw_19,adaptive_blocked,0.17479494764372833,675,0.30594087549050125,0.16861234605312347,0.16904033720493317,0.93736,54.265657875002944
prior_draw_19,adaptive_blocked,0.17479494764372833,700,0.3065702668027998,0.16587583720684052,0.16628025472164154,0.9387733333333333,57.07713154099474
prior_draw_19,adaptive_blocked,0.17479494764372833,725,0.30684726206777896,0.16381964087486267,0.1640433669090271,0.9399466666666667,61.0532240409957
prior_draw_19,adaptive_blocked,0.17479494764372833,750,0.3072857704958968,0.16220073401927948,0.16242220997810364,0.94072,64.02231895799923
prior_median,fixed,0.15491933384829668,25,0.15491933384829668,0.5272136330604553,0.5291295051574707,0.7813866666666667,0.6857052079867572
prior_median,fixed,0.15491933384829668,50,0.15491933384829668,0.4684063494205475,0.47089317440986633,0.8007733333333333,1.3787871659878874
prior_median,fixed,0.15491933384829668,75,0.15491933384829668,0.4357677698135376,0.4382135272026062,0.81296,2.0637931659875903
prior_median,fixed,0.15491933384829668,100,0.15491933384829668,0.41009634733200073,0.41227492690086365,0.8254933333333333,2.746342457990977
prior_median,fixed,0.15491933384829668,125,0.15491933384829668,0.38917088508605957,0.3915558457374573,0.8368266666666667,3.461380124994321
prior_median,fixed,0.15491933384829668,150,0.15491933384829668,0.3692728579044342,0.3714466989040375,0.8475733333333333,4.162788749992615
prior_median,fixed,0.15491933384829668,175,0.15491933384829668,0.35076838731765747,0.35301998257637024,0.8556533333333334,4.888118124988978
prior_median,fixed,0.15491933384829668,200,0.15491933384829668,0.33370277285575867,0.33616209030151367,0.8632266666666667,5.595839457993861
prior_median,fixed,0.15491933384829668,225,0.15491933384829668,0.3219895362854004,0.3241713047027588,0.86952,6.3201094579999335
prior_median,fixed,0.15491933384829668,250,0.15491933384829668,0.30978888273239136,0.311952143907547,0.8748,7.048585999989882
prior_median,fixed,0.15491933384829668,275,0.15491933384829668,0.2990153133869171,0.30115583539009094,0.8796533333333333,7.752069582988042
prior_median,fixed,0.15491933384829668,300,0.15491933384829668,0.2880992889404297,0.29006707668304443,0.8852266666666667,8.480986915994436
prior_median,fixed,0.15491933384829668,325,0.15491933384829668,0.27974411845207214,0.281639039516449,0.88824,9.187459749999107
prior_median,fixed,0.15491933384829668,350,0.15491933384829668,0.27170270681381226,0.27376416325569153,0.89208,9.916305749997264
prior_median,fixed,0.15491933384829668,375,0.15491933384829668,0.26615795493125916,0.2681163549423218,0.8947733333333333,10.616611374993226
prior_median,fixed,0.15491933384829668,400,0.15491933384829668,0.2573970854282379,0.2593214511871338,0.8995466666666667,11.366370957999607
prior_median,fixed,0.15491933384829668,425,0.15491933384829668,0.25252240896224976,0.25444117188453674,0.9013066666666667,12.057541457994375
prior_median,fixed,0.15491933384829668,450,0.15491933384829668,0.24596437811851501,0.24795296788215637,0.90432,12.802873707987601
prior_median,fixed,0.15491933384829668,475,0.15491933384829668,0.23962146043777466,0.24162447452545166,0.90648,13.539046499994583
prior_median,fixed,0.15491933384829668,500,0.15491933384829668,0.23387284576892853,0.23607702553272247,0.90976,14.24973366598715
prior_median,fixed,0.15491933384829668,525,0.15491933384829668,0.2298865169286728,0.2321571409702301,0.9118933333333333,14.966601790991263
prior_median,fixed,0.15491933384829668,550,0.15491933384829668,0.2256600558757782,0.22769400477409363,0.9141066666666666,15.665892207995057
prior_median,fixed,0.15491933384829668,575,0.15491933384829668,0.22248247265815735,0.22447249293327332,0.9150933333333333,16.38669929098978
prior_median,fixed,0.15491933384829668,600,0.15491933384829668,0.21891403198242188,0.22087791562080383,0.91656,17.079364749995875
prior_median,fixed,0.15491933384829668,625,0.15491933384829668,0.21442244946956635,0.21647721529006958,0.91832,17.808422415997484
prior_median,fixed,0.15491933384829668,650,0.15491933384829668,0.2119133323431015,0.21408073604106903,0.9192533333333334,18.532704290992115
prior_median,fixed,0.15491933384829668,675,0.15491933384829668,0.2092304229736328,0.21136805415153503,0.9204,19.233260165987303
prior_median,fixed,0.15491933384829668,700,0.15491933384829668,0.20624378323554993,0.20840798318386078,0.9212,19.966522249989794
prior_median,fixed,0.15491933384829668,725,0.15491933384829668,0.20364831387996674,0.2059248834848404,0.9222933333333333,20.65535174999968
prior_median,fixed,0.15491933384829668,750,0.15491933384829668,0.2011009156703949,0.203525111079216,0.92376,21.36923804099206
prior_median,adaptive_blocked,0.15491933384829668,25,0.21127402720698205,0.511468231678009,0.5136064291000366,0.7861866666666667,0.7914996670006076
prior_median,adaptive_blocked,0.15491933384829668,50,0.22383338240602246,0.44635990262031555,0.44928666949272156,0.80856,1.6097983340005158
prior_median,adaptive_blocked,0.15491933384829668,75,0.22849473764745937,0.4089156687259674,0.411892831325531,0.8262666666666667,2.571961541994824
prior_median,adaptive_blocked,0.15491933384829668,100,0.23595509918139165,0.37232547998428345,0.37452006340026855,0.8451733333333333,3.552004583994858
prior_median,adaptive_blocked,0.15491933384829668,125,0.2396902719060054,0.3450314700603485,0.3473615050315857,0.8585866666666667,4.79169629199896
prior_median,adaptive_blocked,0.15491933384829668,150,0.24476580213247778,0.32113906741142273,0.3225024342536926,0.8696533333333333,5.927232834001188
prior_median,adaptive_blocked,0.15491933384829668,175,0.2474512529802768,0.30276787281036377,0.30418214201927185,0.8777066666666666,7.377847416995792
prior_median,adaptive_blocked,0.15491933384829668,200,0.2513959415539844,0.2838039994239807,0.28546813130378723,0.8873866666666667,8.65273449999222
prior_median,adaptive_blocked,0.15491933384829668,225,0.25348183875653807,0.27087995409965515,0.27248820662498474,0.8933333333333333,10.33344354199653
prior_median,adaptive_blocked,0.15491933384829668,250,0.25582146839820413,0.25941911339759827,0.2614111602306366,0.89816,11.772397875000024
prior_median,adaptive_blocked,0.15491933384829668,275,0.2574218030771706,0.2494010478258133,0.2519818842411041,0.9021866666666667,13.644538749998901
prior_median,adaptive_blocked,0.15491933384829668,300,0.2595538643470093,0.23899458348751068,0.24128983914852142,0.9067466666666667,15.229763625000487
prior_median,adaptive_blocked,0.15491933384829668,325,0.2608137580924128,0.23057156801223755,0.23278848826885223,0.9102133333333333,17.32829249999486
prior_median,adaptive_blocked,0.15491933384829668,350,0.2622273014482629,0.22436468303203583,0.22649353742599487,0.9130133333333333,19.082111334006186
prior_median,adaptive_blocked,0.15491933384829668,375,0.26316247896965933,0.2184537798166275,0.220679372549057,0.916,21.50263545899361
prior_median,adaptive_blocked,0.15491933384829668,400,0.2644765830956207,0.21203671395778656,0.21431207656860352,0.9181066666666666,23.417997541997465
prior_median,adaptive_blocked,0.15491933384829668,425,0.26540978418140976,0.2058490812778473,0.20841771364212036,0.9204,26.018132291996153
prior_median,adaptive_blocked,0.15491933384829668,450,0.2663692514997416,0.20174375176429749,0.20403927564620972,0.9224,28.07551483399584
prior_median,adaptive_blocked,0.15491933384829668,475,0.2671100578760328,0.19696618616580963,0.19923125207424164,0.92544,30.88738299999386
prior_median,adaptive_blocked,0.15491933384829668,500,0.2678772017878594,0.19350668787956238,0.19585832953453064,0.9265333333333333,33.09814420899784
prior_median,adaptive_blocked,0.15491933384829668,525,0.268542435783976,0.18938736617565155,0.1918335258960724,0.9284533333333334,36.15606583400222
prior_median,adaptive_blocked,0.15491933384829668,550,0.269133497340848,0.18652977049350739,0.18862970173358917,0.9297866666666667,38.554837333998876
prior_median,adaptive_blocked,0.15491933384829668,575,0.26971414689352186,0.18298311531543732,0.18516121804714203,0.9304533333333334,41.901715500003775
prior_median,adaptive_blocked,0.15491933384829668,600,0.27023398689677985,0.18040932714939117,0.18225990235805511,0.9317866666666667,44.42274233400531
prior_median,adaptive_blocked,0.15491933384829668,625,0.27059381134107924,0.17792388796806335,0.18015654385089874,0.9328,48.00418391700077
prior_median,adaptive_blocked,0.15491933384829668,650,0.271007163484379,0.1759384572505951,0.17809227108955383,0.93328,50.665956750002806
prior_median,adaptive_blocked,0.15491933384829668,675,0.27136862894630553,0.1734457165002823,0.1754908412694931,0.9347466666666666,54.44764666700212
prior_median,adaptive_blocked,0.15491933384829668,700,0.2717559982573318,0.1717619150876999,0.1738976240158081,0.93528,57.28521895900485
prior_median,adaptive_blocked,0.15491933384829668,725,0.27199757519658513,0.16973942518234253,0.1718129813671112,0.9365333333333333,61.26774637500057
prior_median,adaptive_blocked,0.15491933384829668,750,0.27241667613823534,0.16798390448093414,0.1701028198003769,0.9371733333333333,64.20709616699605
