label,method,eta0,trees,eta,control_logloss,test_logloss,test_accuracy,training_wall_seconds
prior_draw_00,fixed,0.05932664870288102,25,0.05932664870288102,0.6713416576385498,0.6717284917831421,0.7553866666666667,0.7990900000004331
prior_draw_00,fixed,0.05932664870288102,50,0.05932664870288102,0.561028778553009,0.5626676082611084,0.77408,1.5488526249973802
prior_draw_00,fixed,0.05932664870288102,75,0.05932664870288102,0.5167659521102905,0.519558846950531,0.78328,2.24448779199156
prior_draw_00,fixed,0.05932664870288102,100,0.05932664870288102,0.4926303029060364,0.4955291152000427,0.7905066666666667,2.899928958999226
prior_draw_00,fixed,0.05932664870288102,125,0.05932664870288102,0.47378864884376526,0.47702834010124207,0.79656,3.5525513749889797
prior_draw_00,fixed,0.05932664870288102,150,0.05932664870288102,0.4594275951385498,0.4626707434654236,0.80248,4.199890459000017
prior_draw_00,fixed,0.05932664870288102,175,0.05932664870288102,0.44858160614967346,0.4516032338142395,0.8070666666666667,4.837013124997611
prior_draw_00,fixed,0.05932664870288102,200,0.05932664870288102,0.4372759461402893,0.4403689503669739,0.8119466666666667,5.489876708990778
prior_draw_00,fixed,0.05932664870288102,225,0.05932664870288102,0.426296204328537,0.42956286668777466,0.81728,6.15085687499959
prior_draw_00,fixed,0.05932664870288102,250,0.05932664870288102,0.4153049886226654,0.4187922179698944,0.82272,6.854178708992549
prior_draw_00,fixed,0.05932664870288102,275,0.05932664870288102,0.4050096273422241,0.408401221036911,0.8288,7.527982792002149
prior_draw_00,fixed,0.05932664870288102,300,0.05932664870288102,0.3967275023460388,0.4001571834087372,0.8327733333333334,8.193586749999668
prior_draw_00,fixed,0.05932664870288102,325,0.05932664870288102,0.38891464471817017,0.39237067103385925,0.8369066666666667,8.875819209002657
prior_draw_00,fixed,0.05932664870288102,350,0.05932664870288102,0.3832680284976959,0.38674288988113403,0.8391733333333333,9.53061549999984
prior_draw_00,fixed,0.05932664870288102,375,0.05932664870288102,0.3743381202220917,0.3777375817298889,0.8441333333333333,10.227655666996725
prior_draw_00,fixed,0.05932664870288102,400,0.05932664870288102,0.36909160017967224,0.3725440502166748,0.84616,10.919630749995122
prior_draw_00,fixed,0.05932664870288102,425,0.05932664870288102,0.36363115906715393,0.36710911989212036,0.8490133333333333,11.596268875000533
prior_draw_00,fixed,0.05932664870288102,450,0.05932664870288102,0.3575509190559387,0.36097368597984314,0.8520533333333333,12.287593041997752
prior_draw_00,fixed,0.05932664870288102,475,0.05932664870288102,0.35029444098472595,0.3538108468055725,0.8547733333333334,12.988553584000329
prior_draw_00,fixed,0.05932664870288102,500,0.05932664870288102,0.3461908996105194,0.3496299982070923,0.8568266666666666,13.682743249999476
prior_draw_00,fixed,0.05932664870288102,525,0.05932664870288102,0.34124812483787537,0.34449905157089233,0.8596533333333334,14.415335124998819
prior_draw_00,fixed,0.05932664870288102,550,0.05932664870288102,0.33549797534942627,0.33880943059921265,0.8628266666666666,15.122078624990536
prior_draw_00,fixed,0.05932664870288102,575,0.05932664870288102,0.3296658396720886,0.3328060805797577,0.86616,15.839226916999905
prior_draw_00,fixed,0.05932664870288102,600,0.05932664870288102,0.32685714960098267,0.330079585313797,0.86704,16.515934374998324
prior_draw_00,fixed,0.05932664870288102,625,0.05932664870288102,0.32153984904289246,0.32475391030311584,0.86904,17.18680566699186
prior_draw_00,fixed,0.05932664870288102,650,0.05932664870288102,0.3164111375808716,0.3197445571422577,0.8718666666666667,17.874971166995238
prior_draw_00,fixed,0.05932664870288102,675,0.05932664870288102,0.3122366666793823,0.31540554761886597,0.8736533333333333,18.560157083993545
prior_draw_00,fixed,0.05932664870288102,700,0.05932664870288102,0.3078664541244507,0.31111037731170654,0.87536,19.24038579199987
prior_draw_00,fixed,0.05932664870288102,725,0.05932664870288102,0.30453020334243774,0.30776041746139526,0.87656,19.9116831249994
prior_draw_00,fixed,0.05932664870288102,750,0.05932664870288102,0.3003734350204468,0.3034599721431732,0.87848,20.6367706250021
prior_draw_00,adaptive,0.05932664870288102,25,0.08620724445026601,0.6370532512664795,0.6379553079605103,0.76192,1.33021854099934
prior_draw_00,adaptive,0.05932664870288102,50,0.09816538758596793,0.5244606137275696,0.5268861055374146,0.7818933333333333,3.6525526659970637
prior_draw_00,adaptive,0.05932664870288102,75,0.10095866761528001,0.4825176000595093,0.48564958572387695,0.7930133333333333,6.828591124998638
prior_draw_00,adaptive,0.05932664870288102,100,0.1034936021063323,0.459301620721817,0.4624910354614258,0.8030133333333334,10.98308929099585
prior_draw_00,adaptive,0.05932664870288102,125,0.10489846936693366,0.4401230216026306,0.4431115686893463,0.81048,16.040440290991683
prior_draw_00,adaptive,0.05932664870288102,150,0.10715809082847583,0.4217372536659241,0.4250204265117645,0.8191466666666667,21.87751620799827
prior_draw_00,adaptive,0.05932664870288102,175,0.10845124333958775,0.40426546335220337,0.40737009048461914,0.8288266666666667,28.40194091599551
prior_draw_00,adaptive,0.05932664870288102,200,0.10974927048510566,0.39052295684814453,0.39349040389060974,0.8360266666666667,35.520144915994024
prior_draw_00,adaptive,0.05932664870288102,225,0.11044526415813744,0.3741609752178192,0.37708449363708496,0.8441066666666667,43.86902529100189
prior_draw_00,adaptive,0.05932664870288102,250,0.11197558979663379,0.35962286591529846,0.36263027787208557,0.8518133333333333,52.67357983299007
prior_draw_00,adaptive,0.05932664870288102,275,0.11268444033659288,0.34664303064346313,0.3498889207839966,0.8568533333333334,62.30072554099024
prior_draw_00,adaptive,0.05932664870288102,300,0.11395837385526493,0.33561792969703674,0.3389120399951935,0.8622133333333334,72.80442975000187
prior_draw_00,adaptive,0.05932664870288102,325,0.11508864692657601,0.326078861951828,0.3293953835964203,0.86656,84.71934695799428
prior_draw_00,adaptive,0.05932664870288102,350,0.11597410299600767,0.31846266984939575,0.32182615995407104,0.8695733333333333,97.89804883299803
prior_draw_00,adaptive,0.05932664870288102,375,0.11680800897662211,0.30796605348587036,0.31133079528808594,0.8752266666666667,111.53968045799411
prior_draw_00,adaptive,0.05932664870288102,400,0.11780994581344825,0.29985958337783813,0.30334457755088806,0.8793333333333333,126.03769324999303
prior_draw_00,adaptive,0.05932664870288102,425,0.11833153986661343,0.2928638756275177,0.2961527109146118,0.8825333333333333,141.71127033299126
prior_draw_00,adaptive,0.05932664870288102,450,0.11904947871984384,0.28695136308670044,0.29010146856307983,0.8853866666666667,158.47119795800245
prior_draw_00,adaptive,0.05932664870288102,475,0.12003171515156086,0.2789384126663208,0.28224754333496094,0.88968,176.06525562499883
prior_draw_00,adaptive,0.05932664870288102,500,0.1206480967974657,0.2728152573108673,0.27611443400382996,0.89288,194.63234749999538
prior_draw_00,adaptive,0.05932664870288102,525,0.12141143266661274,0.2662598788738251,0.26976802945137024,0.8950666666666667,213.66517445800127
prior_draw_00,adaptive,0.05932664870288102,550,0.12237095109931231,0.2609894573688507,0.2644772529602051,0.89728,233.57398787500279
prior_draw_00,adaptive,0.05932664870288102,575,0.12264444448645892,0.25656816363334656,0.25996890664100647,0.89912,256.007849540998
prior_draw_00,adaptive,0.05932664870288102,600,0.12368858869073772,0.25150156021118164,0.2548201084136963,0.90184,279.0625796249951
prior_draw_00,adaptive,0.05932664870288102,625,0.12416311330847184,0.2466357797384262,0.24984489381313324,0.9036266666666667,303.5935639160016
prior_draw_00,adaptive,0.05932664870288102,650,0.12487281732030403,0.2417629361152649,0.24504593014717102,0.90624,328.5355990829994
prior_draw_00,adaptive,0.05932664870288102,675,0.1252085313873788,0.2380869835615158,0.24143747985363007,0.9078666666666667,353.0217664579977
prior_draw_00,adaptive,0.05932664870288102,700,0.12548104363526327,0.23407968878746033,0.23724791407585144,0.9096266666666667,378.69360099999176
prior_draw_00,adaptive,0.05932664870288102,725,0.12586905209154914,0.22946254909038544,0.23256312310695648,0.9114933333333334,405.1923711249983
prior_draw_00,adaptive,0.05932664870288102,750,0.12614302121871213,0.22588427364826202,0.22913821041584015,0.9125866666666667,432.9690785409912
prior_draw_01,fixed,0.13549924068595431,25,0.13549924068595431,0.5413684248924255,0.5429279208183289,0.7785333333333333,0.6965800829930231
prior_draw_01,fixed,0.13549924068595431,50,0.13549924068595431,0.47902384400367737,0.48164573311805725,0.7967466666666667,1.3649867909989553
prior_draw_01,fixed,0.13549924068595431,75,0.13549924068595431,0.4475265145301819,0.45037248730659485,0.8091466666666667,2.0281860410032095
prior_draw_01,fixed,0.13549924068595431,100,0.13549924068595431,0.42191827297210693,0.4248943626880646,0.82056,2.7073138749983627
prior_draw_01,fixed,0.13549924068595431,125,0.13549924068595431,0.3976573050022125,0.4006969928741455,0.8323733333333333,3.4370305409975117
prior_draw_01,fixed,0.13549924068595431,150,0.13549924068595431,0.3783279359340668,0.3812151253223419,0.8442133333333334,4.125998707997496
prior_draw_01,fixed,0.13549924068595431,175,0.13549924068595431,0.3618158996105194,0.3648073971271515,0.8512533333333333,4.8255452909943415
prior_draw_01,fixed,0.13549924068595431,200,0.13549924068595431,0.34637489914894104,0.34937503933906555,0.8582933333333334,5.53130533300282
prior_draw_01,fixed,0.13549924068595431,225,0.13549924068595431,0.33478349447250366,0.33756086230278015,0.8638133333333333,6.269404040998779
prior_draw_01,fixed,0.13549924068595431,250,0.13549924068595431,0.3225613534450531,0.32534822821617126,0.8692266666666667,6.976957249993575
prior_draw_01,fixed,0.13549924068595431,275,0.13549924068595431,0.3102508783340454,0.3128175139427185,0.87512,7.694321916002082
prior_draw_01,fixed,0.13549924068595431,300,0.13549924068595431,0.301144540309906,0.3034496009349823,0.8796,8.391811583001981
prior_draw_01,fixed,0.13549924068595431,325,0.13549924068595431,0.2931405007839203,0.29504579305648804,0.8835466666666667,9.101601250004023
prior_draw_01,fixed,0.13549924068595431,350,0.13549924068595431,0.2855948507785797,0.2875089645385742,0.8873333333333333,9.854632832997595
prior_draw_01,fixed,0.13549924068595431,375,0.13549924068595431,0.2775688171386719,0.2794918417930603,0.8903733333333333,10.566457332999562
prior_draw_01,fixed,0.13549924068595431,400,0.13549924068595431,0.26823481917381287,0.270275741815567,0.8961066666666667,11.28636479099805
prior_draw_01,fixed,0.13549924068595431,425,0.13549924068595431,0.26308712363243103,0.264965683221817,0.8984,11.99190137500409
prior_draw_01,fixed,0.13549924068595431,450,0.13549924068595431,0.2580646872520447,0.25996527075767517,0.90048,12.720563957991544
prior_draw_01,fixed,0.13549924068595431,475,0.13549924068595431,0.2526470720767975,0.2544400095939636,0.9029333333333334,13.442863374992157
prior_draw_01,fixed,0.13549924068595431,500,0.13549924068595431,0.24634325504302979,0.2481308877468109,0.9050666666666667,14.151060332995257
prior_draw_01,fixed,0.13549924068595431,525,0.13549924068595431,0.2418903112411499,0.24351784586906433,0.9082666666666667,14.938825040997472
prior_draw_01,fixed,0.13549924068595431,550,0.13549924068595431,0.23724833130836487,0.23888294398784637,0.9099466666666667,15.675745624990668
prior_draw_01,fixed,0.13549924068595431,575,0.13549924068595431,0.23347684741020203,0.23528322577476501,0.91104,16.386101041003712
prior_draw_01,fixed,0.13549924068595431,600,0.13549924068595431,0.2303742915391922,0.2321816086769104,0.91184,17.121549125004094
prior_draw_01,fixed,0.13549924068595431,625,0.13549924068595431,0.2266327142715454,0.22834861278533936,0.9139466666666667,17.853005500001018
prior_draw_01,fixed,0.13549924068595431,650,0.13549924068595431,0.2244318276643753,0.22605209052562714,0.91488,18.590975999992224
prior_draw_01,fixed,0.13549924068595431,675,0.13549924068595431,0.22217315435409546,0.22369278967380524,0.91552,19.349304707997362
prior_draw_01,fixed,0.13549924068595431,700,0.13549924068595431,0.21803916990756989,0.21949338912963867,0.9178933333333333,20.119090041000163
prior_draw_01,fixed,0.13549924068595431,725,0.13549924068595431,0.21481622755527496,0.21639414131641388,0.9189066666666666,20.85249816600117
prior_draw_01,fixed,0.13549924068595431,750,0.13549924068595431,0.21282239258289337,0.2142297327518463,0.91984,21.587551374992472
prior_draw_01,adaptive,0.13549924068595431,25,0.1883602409577221,0.5225927829742432,0.5245240330696106,0.7834666666666666,1.3138457500026561
prior_draw_01,adaptive,0.13549924068595431,50,0.20449870617047994,0.4568108320236206,0.4592514634132385,0.8041866666666667,3.619030332993134
prior_draw_01,adaptive,0.13549924068595431,75,0.21075585897746701,0.4177989959716797,0.41993317008018494,0.8217866666666667,6.844924791002995
prior_draw_01,adaptive,0.13549924068595431,100,0.22073037509700988,0.3825547993183136,0.3845318853855133,0.8405066666666666,10.97191079100594
prior_draw_01,adaptive,0.13549924068595431,125,0.2241580328002934,0.3595268130302429,0.361776202917099,0.8519733333333334,16.010980000006384
prior_draw_01,adaptive,0.13549924068595431,150,0.23334513250612324,0.3297843635082245,0.3313915431499481,0.86648,21.984159790998092
prior_draw_01,adaptive,0.13549924068595431,175,0.23941935367771466,0.30814385414123535,0.30965566635131836,0.8762666666666666,28.941483749993495
prior_draw_01,adaptive,0.13549924068595431,200,0.24407102957465474,0.2943088412284851,0.2957793176174164,0.8830933333333333,36.91303487500409
prior_draw_01,adaptive,0.13549924068595431,225,0.24830344048345507,0.27537959814071655,0.2769886553287506,0.89192,45.906831790998694
prior_draw_01,adaptive,0.13549924068595431,250,0.25263642784347023,0.26420071721076965,0.2658321261405945,0.8966666666666666,55.64542566599266
prior_draw_01,adaptive,0.13549924068595431,275,0.2559807371085681,0.2512243986129761,0.25270670652389526,0.9040266666666666,66.48299179099558
prior_draw_01,adaptive,0.13549924068595431,300,0.25835247498139824,0.2429685741662979,0.24444429576396942,0.9074133333333333,77.67266845800623
prior_draw_01,adaptive,0.13549924068595431,325,0.2596617236910916,0.23541010916233063,0.23675495386123657,0.9102666666666667,90.2763595830038
prior_draw_01,adaptive,0.13549924068595431,350,0.2618817881448779,0.2279636412858963,0.22930754721164703,0.9136266666666667,103.75114645800204
prior_draw_01,adaptive,0.13549924068595431,375,0.26250155936545444,0.2213289588689804,0.22263804078102112,0.9158933333333333,117.81334983299894
prior_draw_01,adaptive,0.13549924068595431,400,0.2641563586617731,0.21485169231891632,0.2160732001066208,0.9189866666666666,133.02498933300376
prior_draw_01,adaptive,0.13549924068595431,425,0.2654311301671688,0.20947353541851044,0.21062737703323364,0.9208533333333333,148.86552866600687
prior_draw_01,adaptive,0.13549924068595431,450,0.2669484375128942,0.20464397966861725,0.20596632361412048,0.9235733333333334,165.78342274999886
prior_draw_01,adaptive,0.13549924068595431,475,0.26856411658927865,0.19990681111812592,0.20144584774971008,0.9249333333333334,183.51877483300632
prior_draw_01,adaptive,0.13549924068595431,500,0.2692967339311463,0.19628724455833435,0.1974707394838333,0.9263733333333334,202.19228379099513
prior_draw_01,adaptive,0.13549924068595431,525,0.2709681262642725,0.1915123462677002,0.19271153211593628,0.9284533333333334,222.24368337499618
prior_draw_01,adaptive,0.13549924068595431,550,0.27202301101195553,0.18841233849525452,0.1897045373916626,0.9296,242.62218529099482
prior_draw_01,adaptive,0.13549924068595431,575,0.2730049029677964,0.18500812351703644,0.18668369948863983,0.9303733333333334,263.847531374995
prior_draw_01,adaptive,0.13549924068595431,600,0.2739477586917334,0.18168453872203827,0.1833367645740509,0.9318933333333334,287.0143564159953
prior_draw_01,adaptive,0.13549924068595431,625,0.2748033962008036,0.17843186855316162,0.1804620772600174,0.9329866666666666,310.2579048750049
prior_draw_01,adaptive,0.13549924068595431,650,0.27566685931462453,0.17608627676963806,0.17823465168476105,0.9337066666666667,335.77697033299773
prior_draw_01,adaptive,0.13549924068595431,675,0.2760621481032933,0.17373457551002502,0.17589989304542542,0.9348533333333333,361.834890750004
prior_draw_01,adaptive,0.13549924068595431,700,0.2767236615229719,0.17215773463249207,0.17399953305721283,0.9353866666666667,389.3632023329992
prior_draw_01,adaptive,0.13549924068595431,725,0.2771914208982462,0.1699478030204773,0.17174044251441956,0.9365866666666667,416.6702787499962
prior_draw_01,adaptive,0.13549924068595431,750,0.27752955467377793,0.1680283099412918,0.17009341716766357,0.93712,444.6965375409927
prior_draw_02,fixed,0.36697752501596925,25,0.36697752501596925,0.45196884870529175,0.45548155903816223,0.8026666666666666,0.6851730409980519
prior_draw_02,fixed,0.36697752501596925,50,0.36697752501596925,0.38822805881500244,0.3900136947631836,0.8376,1.3950867500097957
prior_draw_02,fixed,0.36697752501596925,75,0.36697752501596925,0.3454400897026062,0.34701329469680786,0.85752,2.1107699160056654
prior_draw_02,fixed,0.36697752501596925,100,0.36697752501596925,0.3092219829559326,0.31045714020729065,0.8741066666666667,2.8336396660015453
prior_draw_02,fixed,0.36697752501596925,125,0.36697752501596925,0.283136785030365,0.2845000922679901,0.8873066666666667,3.5829325410013553
prior_draw_02,fixed,0.36697752501596925,150,0.36697752501596925,0.2611972689628601,0.26238808035850525,0.8982133333333333,4.352661958007957
prior_draw_02,fixed,0.36697752501596925,175,0.36697752501596925,0.24596522748470306,0.24720396101474762,0.9050933333333333,5.066769791010302
prior_draw_02,fixed,0.36697752501596925,200,0.36697752501596925,0.233910471200943,0.2346457540988922,0.9101333333333333,5.778428791003535
prior_draw_02,fixed,0.36697752501596925,225,0.36697752501596925,0.22412702441215515,0.22517791390419006,0.9138133333333334,6.519883500004653
prior_draw_02,fixed,0.36697752501596925,250,0.36697752501596925,0.21496154367923737,0.21644729375839233,0.91864,7.2320389579981565
prior_draw_02,fixed,0.36697752501596925,275,0.36697752501596925,0.20776262879371643,0.20947536826133728,0.9211466666666667,8.01638745800301
prior_draw_02,fixed,0.36697752501596925,300,0.36697752501596925,0.20048505067825317,0.20203889906406403,0.92392,8.755374458007282
prior_draw_02,fixed,0.36697752501596925,325,0.36697752501596925,0.19605283439159393,0.19729961454868317,0.9259466666666667,9.531422250001924
prior_draw_02,fixed,0.36697752501596925,350,0.36697752501596925,0.19223226606845856,0.19355304539203644,0.9279733333333333,10.265218333006487
prior_draw_02,fixed,0.36697752501596925,375,0.36697752501596925,0.18849892914295197,0.18956713378429413,0.9297066666666667,11.011127083009342
prior_draw_02,fixed,0.36697752501596925,400,0.36697752501596925,0.1842266470193863,0.18531882762908936,0.9314133333333333,11.744017750010244
prior_draw_02,fixed,0.36697752501596925,425,0.36697752501596925,0.18048477172851562,0.1816045045852661,0.9327466666666666,12.462734665998141
prior_draw_02,fixed,0.36697752501596925,450,0.36697752501596925,0.17617852985858917,0.17744891345500946,0.93456,13.198537125004805
prior_draw_02,fixed,0.36697752501596925,475,0.36697752501596925,0.1739630252122879,0.1750323623418808,0.93568,13.88857100000314
prior_draw_02,fixed,0.36697752501596925,500,0.36697752501596925,0.1704949289560318,0.17151498794555664,0.9365866666666667,14.585478000008152
prior_draw_02,fixed,0.36697752501596925,525,0.36697752501596925,0.16862158477306366,0.16951315104961395,0.9374666666666667,15.280586416003644
prior_draw_02,fixed,0.36697752501596925,550,0.36697752501596925,0.166731595993042,0.1675306260585785,0.9382666666666667,16.019543500005966
prior_draw_02,fixed,0.36697752501596925,575,0.36697752501596925,0.16463717818260193,0.165008544921875,0.9397066666666667,16.717767207999714
prior_draw_02,fixed,0.36697752501596925,600,0.36697752501596925,0.16307595372200012,0.16349779069423676,0.94032,17.418077791007818
prior_draw_02,fixed,0.36697752501596925,625,0.36697752501596925,0.1610666960477829,0.1614164561033249,0.94096,18.147763833010686
prior_draw_02,fixed,0.36697752501596925,650,0.36697752501596925,0.15894371271133423,0.15976323187351227,0.9416,18.855352875005337
prior_draw_02,fixed,0.36697752501596925,675,0.36697752501596925,0.15764743089675903,0.15831901133060455,0.9418133333333333,19.556040625000605
prior_draw_02,fixed,0.36697752501596925,700,0.36697752501596925,0.15645867586135864,0.15698938071727753,0.9424,20.26557762500306
prior_draw_02,fixed,0.36697752501596925,725,0.36697752501596925,0.15538346767425537,0.1560436487197876,0.9432,20.988909082996543
prior_draw_02,fixed,0.36697752501596925,750,0.36697752501596925,0.15475817024707794,0.15522244572639465,0.9431733333333333,21.688623333000578
prior_draw_02,adaptive,0.36697752501596925,25,0.5286048602199592,0.4403700530529022,0.4435141682624817,0.8072266666666666,1.4261012499919161
prior_draw_02,adaptive,0.36697752501596925,50,0.6441572471308649,0.35049957036972046,0.35308465361595154,0.8544,3.7409050409914926
prior_draw_02,adaptive,0.36697752501596925,75,0.7042392389156871,0.28248512744903564,0.28441810607910156,0.8864,7.001717082996038
prior_draw_02,adaptive,0.36697752501596925,100,0.7429578064972393,0.248134583234787,0.2489025592803955,0.9023466666666666,11.130639416005579
prior_draw_02,adaptive,0.36697752501596925,125,0.7661088393593662,0.22572624683380127,0.2247687429189682,0.91464,16.12595775000227
prior_draw_02,adaptive,0.36697752501596925,150,0.7820621735600349,0.20569683611392975,0.20609426498413086,0.92192,21.964915832999395
prior_draw_02,adaptive,0.36697752501596925,175,0.7918001061690176,0.1941242516040802,0.19439873099327087,0.9266133333333333,28.76212499999383
prior_draw_02,adaptive,0.36697752501596925,200,0.7976501716352474,0.18416175246238708,0.1852409392595291,0.9309066666666667,36.44355749999522
prior_draw_02,adaptive,0.36697752501596925,225,0.8,0.17739170789718628,0.1785152107477188,0.9325866666666667,45.279488375002984
prior_draw_02,adaptive,0.36697752501596925,250,0.8,0.17198337614536285,0.1731128841638565,0.9351733333333333,55.17948537500342
prior_draw_02,adaptive,0.36697752501596925,275,0.7991548399066142,0.16780371963977814,0.16914409399032593,0.9369066666666667,65.76798533300462
prior_draw_02,adaptive,0.36697752501596925,300,0.7928282145349164,0.1656811684370041,0.1673021763563156,0.9374666666666667,77.297775250001
prior_draw_02,adaptive,0.36697752501596925,325,0.7924837377091203,0.1626386195421219,0.164223313331604,0.93944,89.98000666599546
prior_draw_02,adaptive,0.36697752501596925,350,0.7906272615701214,0.16017787158489227,0.16227297484874725,0.9400533333333333,103.55766883300385
prior_draw_02,adaptive,0.36697752501596925,375,0.7875140680918495,0.15845122933387756,0.16141314804553986,0.9406666666666667,118.17787937499816
prior_draw_02,adaptive,0.36697752501596925,400,0.7850498534104825,0.15667568147182465,0.15934143960475922,0.942,133.09186975000193
prior_draw_02,adaptive,0.36697752501596925,425,0.7830771173900678,0.156443253159523,0.15886518359184265,0.94224,148.96488833299372
prior_draw_02,adaptive,0.36697752501596925,450,0.7824328509198463,0.15539559721946716,0.15821999311447144,0.94224,165.53392158300267
prior_draw_02,adaptive,0.36697752501596925,475,0.7809625951986182,0.1551593691110611,0.15746648609638214,0.9431466666666667,182.71301175000553
prior_draw_02,adaptive,0.36697752501596925,500,0.7797089068296872,0.1548561304807663,0.15719234943389893,0.9434133333333333,200.50033475000237
prior_draw_02,adaptive,0.36697752501596925,525,0.782551244326518,0.15418307483196259,0.15628235042095184,0.94408,219.06555075000506
prior_draw_02,adaptive,0.36697752501596925,550,0.7825269829621075,0.15378841757774353,0.1558913290500641,0.9445066666666667,238.49104608299967
prior_draw_02,adaptive,0.36697752501596925,575,0.7827158748457681,0.15347246825695038,0.15536367893218994,0.9453866666666667,258.7704544580047
prior_draw_02,adaptive,0.36697752501596925,600,0.7801784605441852,0.1532243937253952,0.1554669439792633,0.9455733333333334,279.87408595799934
prior_draw_02,adaptive,0.36697752501596925,625,0.7811053943987437,0.15259820222854614,0.15476468205451965,0.9462933333333333,302.5728114579979
prior_draw_02,adaptive,0.36697752501596925,650,0.7799510349935671,0.15276430547237396,0.15474125742912292,0.9465333333333333,326.8246881249943
prior_draw_02,adaptive,0.36697752501596925,675,0.7787515435499717,0.15297143161296844,0.15513166785240173,0.94696,351.63462087500375
prior_draw_02,adaptive,0.36697752501596925,700,0.7772951294298962,0.15314166247844696,0.15531720221042633,0.9468533333333333,377.0031484999927
prior_draw_02,adaptive,0.36697752501596925,725,0.7771434661913037,0.15308381617069244,0.1555318683385849,0.9469066666666667,402.71311258300557
prior_draw_02,adaptive,0.36697752501596925,750,0.7784190919772691,0.15321646630764008,0.15562419593334198,0.9469066666666667,429.0009337079973
prior_draw_03,fixed,0.6166301227584332,25,0.6166301227584332,0.4267151951789856,0.4260357618331909,0.8276,0.6960131670057308
prior_draw_03,fixed,0.6166301227584332,50,0.6166301227584332,0.344768762588501,0.33995500206947327,0.8658133333333333,1.4121092080022208
prior_draw_03,fixed,0.6166301227584332,75,0.6166301227584332,0.29396530985832214,0.2900821268558502,0.8908,2.127356042008614
prior_draw_03,fixed,0.6166301227584332,100,0.6166301227584332,0.26727691292762756,0.2649824619293213,0.9011733333333334,2.8181917080073617
prior_draw_03,fixed,0.6166301227584332,125,0.6166301227584332,0.24488869309425354,0.24293473362922668,0.9101066666666666,3.5321874170040246
prior_draw_03,fixed,0.6166301227584332,150,0.6166301227584332,0.23103933036327362,0.22905674576759338,0.9153333333333333,4.227569458002108
prior_draw_03,fixed,0.6166301227584332,175,0.6166301227584332,0.21930178999900818,0.21666018664836884,0.92128,4.942517832998419
prior_draw_03,fixed,0.6166301227584332,200,0.6166301227584332,0.2118082344532013,0.20971179008483887,0.9240266666666667,5.645023292003316
prior_draw_03,fixed,0.6166301227584332,225,0.6166301227584332,0.20417854189872742,0.20140127837657928,0.9269066666666667,6.357275166999898
prior_draw_03,fixed,0.6166301227584332,250,0.6166301227584332,0.1966802179813385,0.19387872517108917,0.9302666666666667,7.073431958007859
prior_draw_03,fixed,0.6166301227584332,275,0.6166301227584332,0.19043046236038208,0.1881387084722519,0.93304,7.774217042009695
prior_draw_03,fixed,0.6166301227584332,300,0.6166301227584332,0.18676987290382385,0.18385255336761475,0.9339466666666667,8.474439416997484
prior_draw_03,fixed,0.6166301227584332,325,0.6166301227584332,0.18342064321041107,0.18124961853027344,0.93584,9.17047083300713
prior_draw_03,fixed,0.6166301227584332,350,0.6166301227584332,0.18010041117668152,0.1778939813375473,0.9362666666666667,9.868300625006668
prior_draw_03,fixed,0.6166301227584332,375,0.6166301227584332,0.17685630917549133,0.17495666444301605,0.938,10.56862520800496
prior_draw_03,fixed,0.6166301227584332,400,0.6166301227584332,0.17491298913955688,0.17370277643203735,0.9391733333333333,11.261342124998919
prior_draw_03,fixed,0.6166301227584332,425,0.6166301227584332,0.1728564202785492,0.17152638733386993,0.94024,11.951084583008196
prior_draw_03,fixed,0.6166301227584332,450,0.6166301227584332,0.1711418181657791,0.16981595754623413,0.9410133333333334,12.636217332998058
prior_draw_03,fixed,0.6166301227584332,475,0.6166301227584332,0.16960301995277405,0.1686132252216339,0.9418133333333333,13.325510875001783
prior_draw_03,fixed,0.6166301227584332,500,0.6166301227584332,0.1684528887271881,0.16732090711593628,0.94296,14.009759292006493
prior_draw_03,fixed,0.6166301227584332,525,0.6166301227584332,0.1676972657442093,0.1661500483751297,0.9438933333333334,14.688427957997192
prior_draw_03,fixed,0.6166301227584332,550,0.6166301227584332,0.16722610592842102,0.16598764061927795,0.9433866666666667,15.377117208001437
prior_draw_03,fixed,0.6166301227584332,575,0.6166301227584332,0.16614103317260742,0.16476866602897644,0.9433066666666666,16.067505875005736
prior_draw_03,fixed,0.6166301227584332,600,0.6166301227584332,0.16528435051441193,0.16418865323066711,0.94344,16.749682667010347
prior_draw_03,fixed,0.6166301227584332,625,0.6166301227584332,0.16501763463020325,0.16409435868263245,0.94384,17.420706792006968
prior_draw_03,fixed,0.6166301227584332,650,0.6166301227584332,0.16427560150623322,0.16424773633480072,0.94432,18.105076292005833
prior_draw_03,fixed,0.6166301227584332,675,0.6166301227584332,0.16386321187019348,0.16396577656269073,0.9444266666666666,18.778756042011082
prior_draw_03,fixed,0.6166301227584332,700,0.6166301227584332,0.1631324142217636,0.1634221374988556,0.94472,19.461161333005293
prior_draw_03,fixed,0.6166301227584332,725,0.6166301227584332,0.16288496553897858,0.16248059272766113,0.9451733333333333,20.129038375001983
prior_draw_03,fixed,0.6166301227584332,750,0.6166301227584332,0.1629231572151184,0.1631796658039093,0.94552,20.794964708009502
prior_draw_03,adaptive,0.6166301227584332,25,0.8,0.4048251211643219,0.40639469027519226,0.83576,1.3216321670042817
prior_draw_03,adaptive,0.6166301227584332,50,0.8,0.31262969970703125,0.3126387596130371,0.8781866666666667,3.554910375009058
prior_draw_03,adaptive,0.6166301227584332,75,0.8,0.2731786370277405,0.273042768239975,0.8958666666666667,6.694479416997638
prior_draw_03,adaptive,0.6166301227584332,100,0.8,0.24566639959812164,0.2428291141986847,0.9101866666666667,10.660824542006594
prior_draw_03,adaptive,0.6166301227584332,125,0.8,0.22673341631889343,0.22564125061035156,0.9180533333333334,15.518565457998193
prior_draw_03,adaptive,0.6166301227584332,150,0.8,0.2140118032693863,0.21220114827156067,0.92384,21.232241999998223
prior_draw_03,adaptive,0.6166301227584332,175,0.7976367444224765,0.2043871134519577,0.20327723026275635,0.92664,27.815631208010018
prior_draw_03,adaptive,0.6166301227584332,200,0.8,0.1966472715139389,0.1954364776611328,0.9303733333333334,35.4365975420078
prior_draw_03,adaptive,0.6166301227584332,225,0.7989183317868822,0.19233837723731995,0.1903170794248581,0.9329866666666666,43.89660916700086
prior_draw_03,adaptive,0.6166301227584332,250,0.7998354721737295,0.1876610368490219,0.18518613278865814,0.9351466666666667,53.30825791700045
prior_draw_03,adaptive,0.6166301227584332,275,0.7993187358216285,0.18408530950546265,0.18236398696899414,0.93688,63.61981937500241
prior_draw_03,adaptive,0.6166301227584332,300,0.7954849483511625,0.18144160509109497,0.1794457584619522,0.9384266666666666,74.8108878750063
prior_draw_03,adaptive,0.6166301227584332,325,0.7971536572960286,0.17949675023555756,0.17723728716373444,0.93952,86.72980749999988
prior_draw_03,adaptive,0.6166301227584332,350,0.7940720810062852,0.17703141272068024,0.17532944679260254,0.9401333333333334,99.60605175000092
prior_draw_03,adaptive,0.6166301227584332,375,0.7916027353575855,0.17482224106788635,0.17252282798290253,0.94184,113.59587062500941
prior_draw_03,adaptive,0.6166301227584332,400,0.7838574295287141,0.17429488897323608,0.17220492660999298,0.942,128.39758770800836
prior_draw_03,adaptive,0.6166301227584332,425,0.7816133468423685,0.17374902963638306,0.17234064638614655,0.9423466666666667,144.35143150000658
prior_draw_03,adaptive,0.6166301227584332,450,0.7812846677742574,0.17280474305152893,0.17181003093719482,0.9429066666666667,161.01600208300806
prior_draw_03,adaptive,0.6166301227584332,475,0.7794735592592148,0.17237071692943573,0.1711103618144989,0.9429333333333333,178.4303858330095
prior_draw_03,adaptive,0.6166301227584332,500,0.7787878479976753,0.17189721763134003,0.17046427726745605,0.94416,196.82458833300916
prior_draw_03,adaptive,0.6166301227584332,525,0.7781129693201215,0.1716809868812561,0.17039327323436737,0.9444266666666666,216.0500459169998
prior_draw_03,adaptive,0.6166301227584332,550,0.7772428249681191,0.1712358146905899,0.17047156393527985,0.94456,235.9693447919999
prior_draw_03,adaptive,0.6166301227584332,575,0.7754330899953921,0.1712721586227417,0.17035846412181854,0.9439733333333333,256.2587591670017
prior_draw_03,adaptive,0.6166301227584332,600,0.7741524006426574,0.17096173763275146,0.17007023096084595,0.9446666666666667,277.15470758300216
prior_draw_03,adaptive,0.6166301227584332,625,0.7739417603811672,0.171096071600914,0.17001010477542877,0.94536,298.80962349999754
prior_draw_03,adaptive,0.6166301227584332,650,0.7738449333600556,0.17150261998176575,0.17025937139987946,0.9457866666666667,321.6973104580102
prior_draw_03,adaptive,0.6166301227584332,675,0.7734859221748788,0.1713433414697647,0.17024776339530945,0.9462133333333334,344.9643250829977
prior_draw_03,adaptive,0.6166301227584332,700,0.772680084617343,0.17159098386764526,0.17040875554084778,0.9464266666666666,368.9671978330007
prior_draw_03,adaptive,0.6166301227584332,725,0.772132894616721,0.17158333957195282,0.1709093451499939,0.94648,393.8475699999981
prior_draw_03,adaptive,0.6166301227584332,750,0.7681621270248962,0.17205366492271423,0.17117080092430115,0.9469333333333333,419.6681830419984
prior_draw_04,fixed,0.24082434943414585,25,0.24082434943414585,0.4870898425579071,0.4893934428691864,0.79152,0.6737917919963365
prior_draw_04,fixed,0.24082434943414585,50,0.24082434943414585,0.43251991271972656,0.43429383635520935,0.8133066666666666,1.3277019999950426
prior_draw_04,fixed,0.24082434943414585,75,0.24082434943414585,0.39106643199920654,0.3928395211696625,0.83528,2.0162216250027996
prior_draw_04,fixed,0.24082434943414585,100,0.24082434943414585,0.3603764474391937,0.36207929253578186,0.8498133333333333,2.712569750001421
prior_draw_04,fixed,0.24082434943414585,125,0.24082434943414585,0.33248600363731384,0.3348996639251709,0.8637066666666666,3.407686417005607
prior_draw_04,fixed,0.24082434943414585,150,0.24082434943414585,0.3133840560913086,0.3153843283653259,0.87256,4.0909412920009345
prior_draw_04,fixed,0.24082434943414585,175,0.24082434943414585,0.29592186212539673,0.2981216609477997,0.8812,4.785116667000693
prior_draw_04,fixed,0.24082434943414585,200,0.24082434943414585,0.282021701335907,0.2840069532394409,0.8878133333333333,5.474113000003854
prior_draw_04,fixed,0.24082434943414585,225,0.24082434943414585,0.2669926583766937,0.2694814205169678,0.8946666666666667,6.168878084004973
prior_draw_04,fixed,0.24082434943414585,250,0.24082434943414585,0.2562912404537201,0.25879308581352234,0.8998933333333333,6.853554458997678
prior_draw_04,fixed,0.24082434943414585,275,0.24082434943414585,0.2468576580286026,0.24995338916778564,0.90464,7.54897383399657
prior_draw_04,fixed,0.24082434943414585,300,0.24082434943414585,0.23802582919597626,0.24115124344825745,0.9077066666666667,8.247485542000504
prior_draw_04,fixed,0.24082434943414585,325,0.24082434943414585,0.23229442536830902,0.235136017203331,0.9101866666666667,8.934110749993124
prior_draw_04,fixed,0.24082434943414585,350,0.24082434943414585,0.22403617203235626,0.22695715725421906,0.9143733333333334,9.634029709006427
prior_draw_04,fixed,0.24082434943414585,375,0.24082434943414585,0.21729835867881775,0.21995770931243896,0.9178133333333334,10.346266124994145
prior_draw_04,fixed,0.24082434943414585,400,0.24082434943414585,0.21335548162460327,0.21612724661827087,0.9193066666666667,11.01734058400325
prior_draw_04,fixed,0.24082434943414585,425,0.24082434943414585,0.20734788477420807,0.21016836166381836,0.92184,11.725049041997408
prior_draw_04,fixed,0.24082434943414585,450,0.24082434943414585,0.2019989788532257,0.2047376185655594,0.9244533333333333,12.427120374995866
prior_draw_04,fixed,0.24082434943414585,475,0.24082434943414585,0.1986817866563797,0.20156434178352356,0.926,13.116663334003533
prior_draw_04,fixed,0.24082434943414585,500,0.24082434943414585,0.1957695633172989,0.19836518168449402,0.92736,13.809366999994381
prior_draw_04,fixed,0.24082434943414585,525,0.24082434943414585,0.1932188868522644,0.19579364359378815,0.9278933333333333,14.495971458993154
prior_draw_04,fixed,0.24082434943414585,550,0.24082434943414585,0.18906593322753906,0.1919700652360916,0.92944,15.188113209005678
prior_draw_04,fixed,0.24082434943414585,575,0.24082434943414585,0.1857587993144989,0.18866805732250214,0.9305333333333333,15.886724708994734
prior_draw_04,fixed,0.24082434943414585,600,0.24082434943414585,0.18352854251861572,0.1864364594221115,0.9318666666666666,16.57793075000518
prior_draw_04,fixed,0.24082434943414585,625,0.24082434943414585,0.18135914206504822,0.18383821845054626,0.9329866666666666,17.270384167000884
prior_draw_04,fixed,0.24082434943414585,650,0.24082434943414585,0.17930833995342255,0.18183715641498566,0.93336,17.960463166993577
prior_draw_04,fixed,0.24082434943414585,675,0.24082434943414585,0.17655666172504425,0.17904306948184967,0.9348,18.647198749997187
prior_draw_04,fixed,0.24082434943414585,700,0.24082434943414585,0.1746041476726532,0.17688365280628204,0.9354666666666667,19.33670491700468
prior_draw_04,fixed,0.24082434943414585,725,0.24082434943414585,0.17219556868076324,0.1746530681848526,0.9367466666666666,20.029518750001444
prior_draw_04,fixed,0.24082434943414585,750,0.24082434943414585,0.17046871781349182,0.17313402891159058,0.9372266666666667,20.723496666993015
prior_draw_04,adaptive,0.24082434943414585,25,0.33628741479974295,0.4702374041080475,0.47282084822654724,0.7993866666666667,1.335897875003866
prior_draw_04,adaptive,0.24082434943414585,50,0.37257281457739677,0.40072301030158997,0.40301093459129333,0.83136,3.5840840000018943
prior_draw_04,adaptive,0.24082434943414585,75,0.4067764472047755,0.3464876711368561,0.34815165400505066,0.8577066666666666,6.743492334004259
prior_draw_04,adaptive,0.24082434943414585,100,0.4328069246330691,0.30996468663215637,0.31132233142852783,0.8748,10.741999000005308
prior_draw_04,adaptive,0.24082434943414585,125,0.44534299751578493,0.27788427472114563,0.27966344356536865,0.8896533333333333,15.56332200000179
prior_draw_04,adaptive,0.24082434943414585,150,0.4662159249717218,0.25536760687828064,0.2574438452720642,0.89944,21.272653667008854
prior_draw_04,adaptive,0.24082434943414585,175,0.47379510035031336,0.2354794293642044,0.23733000457286835,0.9086133333333334,27.937206875008997
prior_draw_04,adaptive,0.24082434943414585,200,0.4792452374869043,0.22094854712486267,0.22181901335716248,0.91544,35.67494112500572
prior_draw_04,adaptive,0.24082434943414585,225,0.4835585840792329,0.21158576011657715,0.21315431594848633,0.9199733333333333,44.39487600000575
prior_draw_04,adaptive,0.24082434943414585,250,0.49270938915521834,0.20020809769630432,0.20233064889907837,0.9239466666666667,54.097760083997855
prior_draw_04,adaptive,0.24082434943414585,275,0.49461546744873075,0.1933859884738922,0.19544033706188202,0.9267466666666667,64.65138895899872
prior_draw_04,adaptive,0.24082434943414585,300,0.4969750942321503,0.18737083673477173,0.18946823477745056,0.92936,75.95667283399962
prior_draw_04,adaptive,0.24082434943414585,325,0.5020504098760418,0.1813885122537613,0.18318291008472443,0.9318933333333334,88.12532800000918
prior_draw_04,adaptive,0.24082434943414585,350,0.5048465350211964,0.17684464156627655,0.17846354842185974,0.9337066666666667,101.4602297500096
prior_draw_04,adaptive,0.24082434943414585,375,0.5059695426104911,0.17287705838680267,0.1745775043964386,0.9348533333333333,117.08387625000614
prior_draw_04,adaptive,0.24082434943414585,400,0.5058827406938338,0.16916672885417938,0.17113839089870453,0.93624,131.8193181670067
prior_draw_04,adaptive,0.24082434943414585,425,0.5071545650652178,0.16622593998908997,0.16820794343948364,0.93704,147.7587319590093
prior_draw_04,adaptive,0.24082434943414585,450,0.5072063764826511,0.16333875060081482,0.16562065482139587,0.9385333333333333,168.56176291700103
prior_draw_04,adaptive,0.24082434943414585,475,0.5085306444932655,0.1613001674413681,0.16326768696308136,0.9393066666666666,187.86214291700162
prior_draw_04,adaptive,0.24082434943414585,500,0.5097586206215258,0.15898801386356354,0.16131770610809326,0.9401333333333334,207.73560158400505
prior_draw_04,adaptive,0.24082434943414585,525,0.510895872642226,0.15611466765403748,0.15901008248329163,0.9407466666666666,228.4992785420036
prior_draw_04,adaptive,0.24082434943414585,550,0.5116678874046738,0.1550142914056778,0.15767411887645721,0.9408,249.26184312500118
prior_draw_04,adaptive,0.24082434943414585,575,0.5132543866641448,0.1540301889181137,0.15696294605731964,0.9417066666666667,270.7876015840011
prior_draw_04,adaptive,0.24082434943414585,600,0.5145021007053212,0.15279346704483032,0.15626391768455505,0.9424266666666666,293.3248498340108
prior_draw_04,adaptive,0.24082434943414585,625,0.5146400224621817,0.1515469253063202,0.15534207224845886,0.9430933333333333,316.1519786249992
prior_draw_04,adaptive,0.24082434943414585,650,0.5148232156391354,0.15105965733528137,0.1547224372625351,0.9437866666666667,338.9858276669984
prior_draw_04,adaptive,0.24082434943414585,675,0.5148234230085004,0.15033020079135895,0.1540883332490921,0.9441333333333334,362.8879682090046
prior_draw_04,adaptive,0.24082434943414585,700,0.5159695536222743,0.14925967156887054,0.15324784815311432,0.9439466666666667,387.63629429200955
prior_draw_04,adaptive,0.24082434943414585,725,0.5162170243958494,0.14819368720054626,0.15249334275722504,0.9445333333333333,414.77926675000344
prior_draw_04,adaptive,0.24082434943414585,750,0.516111540905813,0.14768578112125397,0.15181182324886322,0.9451466666666667,441.8876654170017
prior_draw_05,fixed,0.2126839594718725,25,0.2126839594718725,0.4977514445781708,0.5010693669319153,0.7900533333333334,0.6789057080022758
prior_draw_05,fixed,0.2126839594718725,50,0.2126839594718725,0.4429263472557068,0.4464726448059082,0.8120266666666667,1.3304399159969762
prior_draw_05,fixed,0.2126839594718725,75,0.2126839594718725,0.4042259454727173,0.40736880898475647,0.8284533333333334,2.0017455409979448
prior_draw_05,fixed,0.2126839594718725,100,0.2126839594718725,0.3756375014781952,0.3779347538948059,0.84408,2.6757444999966538
prior_draw_05,fixed,0.2126839594718725,125,0.2126839594718725,0.3536524772644043,0.3556152582168579,0.85568,3.3777240000054007
prior_draw_05,fixed,0.2126839594718725,150,0.2126839594718725,0.3267977833747864,0.3287351429462433,0.8681066666666667,4.076459500007331
prior_draw_05,fixed,0.2126839594718725,175,0.2126839594718725,0.30882877111434937,0.3108067810535431,0.87576,4.762020624999423
prior_draw_05,fixed,0.2126839594718725,200,0.2126839594718725,0.2932857871055603,0.29513025283813477,0.8829866666666667,5.46513754100306
prior_draw_05,fixed,0.2126839594718725,225,0.2126839594718725,0.2779197096824646,0.2795810401439667,0.89024,6.169665875000646
prior_draw_05,fixed,0.2126839594718725,250,0.2126839594718725,0.2678046226501465,0.2693629562854767,0.8954666666666666,6.858462000003783
prior_draw_05,fixed,0.2126839594718725,275,0.2126839594718725,0.25929704308509827,0.2607780694961548,0.9000266666666666,7.540834500003257
prior_draw_05,fixed,0.2126839594718725,300,0.2126839594718725,0.25124573707580566,0.25255462527275085,0.9036533333333333,8.226720332997502
prior_draw_05,fixed,0.2126839594718725,325,0.2126839594718725,0.24274708330631256,0.244622603058815,0.90712,8.911455749999732
prior_draw_05,fixed,0.2126839594718725,350,0.2126839594718725,0.2369263470172882,0.23845165967941284,0.9098666666666667,9.593268790995353
prior_draw_05,fixed,0.2126839594718725,375,0.2126839594718725,0.23113328218460083,0.2326584905385971,0.9125066666666667,10.286131125001702
prior_draw_05,fixed,0.2126839594718725,400,0.2126839594718725,0.22617468237876892,0.2274792194366455,0.9142133333333333,10.974909875003505
prior_draw_05,fixed,0.2126839594718725,425,0.2126839594718725,0.22064778208732605,0.22187843918800354,0.916,11.658153124997625
prior_draw_05,fixed,0.2126839594718725,450,0.2126839594718725,0.21495887637138367,0.21623101830482483,0.9184,12.348411291008233
prior_draw_05,fixed,0.2126839594718725,475,0.2126839594718725,0.20964613556861877,0.21058057248592377,0.9211466666666667,13.064748625009088
prior_draw_05,fixed,0.2126839594718725,500,0.2126839594718725,0.2062201052904129,0.20667338371276855,0.9230933333333333,13.758859041001415
prior_draw_05,fixed,0.2126839594718725,525,0.2126839594718725,0.20286992192268372,0.20319786667823792,0.9244,14.449653500007116
prior_draw_05,fixed,0.2126839594718725,550,0.2126839594718725,0.20021368563175201,0.20078802108764648,0.92536,15.112231833001715
prior_draw_05,fixed,0.2126839594718725,575,0.2126839594718725,0.1958206444978714,0.1963251233100891,0.9278666666666666,15.826456666007289
prior_draw_05,fixed,0.2126839594718725,600,0.2126839594718725,0.1932622194290161,0.19389617443084717,0.9286933333333334,16.511839124999824
prior_draw_05,fixed,0.2126839594718725,625,0.2126839594718725,0.18991076946258545,0.1906392127275467,0.9292533333333334,17.200990166005795
prior_draw_05,fixed,0.2126839594718725,650,0.2126839594718725,0.1877346634864807,0.18851648271083832,0.93048,17.879326833004598
prior_draw_05,fixed,0.2126839594718725,675,0.2126839594718725,0.18536624312400818,0.18592117726802826,0.9321066666666666,18.554252707996056
prior_draw_05,fixed,0.2126839594718725,700,0.2126839594718725,0.18357069790363312,0.18406721949577332,0.93232,19.229577165999217
prior_draw_05,fixed,0.2126839594718725,725,0.2126839594718725,0.18126872181892395,0.18193671107292175,0.93336,19.9096394579974
prior_draw_05,fixed,0.2126839594718725,750,0.2126839594718725,0.17888997495174408,0.17959991097450256,0.9343733333333333,20.59999941600836
prior_draw_05,adaptive,0.2126839594718725,25,0.2939179092083596,0.4822326600551605,0.4858046770095825,0.79536,1.2525176670023939
prior_draw_05,adaptive,0.2126839594718725,50,0.32381876570692747,0.4132264256477356,0.4165535271167755,0.82496,3.3625784579926403
prior_draw_05,adaptive,0.2126839594718725,75,0.3342717280188204,0.36363983154296875,0.3671376705169678,0.8506133333333333,6.310568917004275
prior_draw_05,adaptive,0.2126839594718725,100,0.3551809958278982,0.32722166180610657,0.33005082607269287,0.8667733333333333,10.134127124998486
prior_draw_05,adaptive,0.2126839594718725,125,0.36863878324813776,0.29883837699890137,0.30112555623054504,0.8808266666666666,14.791098207992036
prior_draw_05,adaptive,0.2126839594718725,150,0.3795657266373103,0.2745557427406311,0.2762783467769623,0.8929066666666666,20.250342999992426
prior_draw_05,adaptive,0.2126839594718725,175,0.38712382614330443,0.254446804523468,0.255748987197876,0.90296,26.667363792003016
prior_draw_05,adaptive,0.2126839594718725,200,0.3961038152444701,0.23655804991722107,0.23742127418518066,0.9115733333333333,33.97792154199851
prior_draw_05,adaptive,0.2126839594718725,225,0.4003553274505909,0.22680260241031647,0.22765271365642548,0.91536,42.116415500000585
prior_draw_05,adaptive,0.2126839594718725,250,0.40682706160301346,0.2166135460138321,0.21745184063911438,0.9193866666666667,51.166167125003994
prior_draw_05,adaptive,0.2126839594718725,275,0.4108733288513885,0.20798002183437347,0.20832966268062592,0.9217066666666667,61.07312591699883
prior_draw_05,adaptive,0.2126839594718725,300,0.4139318172430092,0.20026348531246185,0.20070400834083557,0.9251733333333333,71.77481933300442
prior_draw_05,adaptive,0.2126839594718725,325,0.41598332807580796,0.19366581737995148,0.1943090558052063,0.9276,83.3482473329932
prior_draw_05,adaptive,0.2126839594718725,350,0.41831255507276977,0.18903444707393646,0.1896449774503708,0.92904,95.76483979199838
prior_draw_05,adaptive,0.2126839594718725,375,0.41895890304721883,0.18363146483898163,0.18498872220516205,0.9313333333333333,109.17685041700315
prior_draw_05,adaptive,0.2126839594718725,400,0.42056300032482596,0.18053250014781952,0.18154950439929962,0.93312,123.42134591699869
prior_draw_05,adaptive,0.2126839594718725,425,0.4215200942882529,0.1782015860080719,0.1796049028635025,0.9332266666666666,138.86336920800386
prior_draw_05,adaptive,0.2126839594718725,450,0.42371209464512033,0.17434346675872803,0.17564888298511505,0.9354666666666667,154.93615729200246
prior_draw_05,adaptive,0.2126839594718725,475,0.42719830729851205,0.1702110767364502,0.1720048189163208,0.9364,171.99029262499243
prior_draw_05,adaptive,0.2126839594718725,500,0.4292201188424085,0.1671438366174698,0.16914807260036469,0.9378933333333334,189.96472512499895
prior_draw_05,adaptive,0.2126839594718725,525,0.4294284414504554,0.16452863812446594,0.16671279072761536,0.93856,209.34653820800304
prior_draw_05,adaptive,0.2126839594718725,550,0.4302281926065019,0.16288715600967407,0.1647702157497406,0.93992,229.70583291699586
prior_draw_05,adaptive,0.2126839594718725,575,0.4305110118801429,0.16133828461170197,0.16347622871398926,0.9401333333333334,251.21940808299405
prior_draw_05,adaptive,0.2126839594718725,600,0.43254318820189985,0.15932784974575043,0.161734476685524,0.9409333333333333,273.43266362500435
prior_draw_05,adaptive,0.2126839594718725,625,0.43321400208407346,0.15713119506835938,0.15987150371074677,0.9414933333333333,296.64019820799876
prior_draw_05,adaptive,0.2126839594718725,650,0.4336229496222099,0.1559469848871231,0.15856719017028809,0.94184,320.6174914169969
prior_draw_05,adaptive,0.2126839594718725,675,0.4338230715769461,0.15467077493667603,0.1574094593524933,0.9429333333333333,345.95465695799794
prior_draw_05,adaptive,0.2126839594718725,700,0.4335789492604299,0.15379419922828674,0.15637654066085815,0.94376,371.44026229200244
prior_draw_05,adaptive,0.2126839594718725,725,0.43316350004600285,0.15240751206874847,0.15531915426254272,0.9439733333333333,398.6054762499989
prior_draw_05,adaptive,0.2126839594718725,750,0.4331364237495265,0.1510728895664215,0.15387482941150665,0.9446133333333333,425.80611933299224
prior_draw_06,fixed,0.2681856460892622,25,0.2681856460892622,0.4786302149295807,0.4821687936782837,0.7943733333333334,0.6868929580086842
prior_draw_06,fixed,0.2681856460892622,50,0.2681856460892622,0.41617611050605774,0.41994860768318176,0.82488,1.3768934580002679
prior_draw_06,fixed,0.2681856460892622,75,0.2681856460892622,0.3759151101112366,0.37979188561439514,0.84416,2.075964500007103
prior_draw_06,fixed,0.2681856460892622,100,0.2681856460892622,0.3439694344997406,0.34798118472099304,0.85952,2.7765882079984294
prior_draw_06,fixed,0.2681856460892622,125,0.2681856460892622,0.32315728068351746,0.32696816325187683,0.8690666666666667,3.475322792000952
prior_draw_06,fixed,0.2681856460892622,150,0.2681856460892622,0.30113673210144043,0.30465665459632874,0.8784533333333333,4.170110000006389
prior_draw_06,fixed,0.2681856460892622,175,0.2681856460892622,0.2835511863231659,0.2868552803993225,0.8869066666666666,4.861525291998987
prior_draw_06,fixed,0.2681856460892622,200,0.2681856460892622,0.2665354609489441,0.2702592611312866,0.8947733333333333,5.571734750003088
prior_draw_06,fixed,0.2681856460892622,225,0.2681856460892622,0.2548578679561615,0.2587529122829437,0.90096,6.2528379170107655
prior_draw_06,fixed,0.2681856460892622,250,0.2681856460892622,0.24540838599205017,0.2494494765996933,0.9054133333333333,6.9493599999987055
prior_draw_06,fixed,0.2681856460892622,275,0.2681856460892622,0.23460708558559418,0.23872707784175873,0.9096,7.654513917004806
prior_draw_06,fixed,0.2681856460892622,300,0.2681856460892622,0.22623354196548462,0.23047244548797607,0.91312,8.354221041998244
prior_draw_06,fixed,0.2681856460892622,325,0.2681856460892622,0.219410240650177,0.2240421026945114,0.9159466666666667,9.04915216700465
prior_draw_06,fixed,0.2681856460892622,350,0.2681856460892622,0.21401475369930267,0.21857799589633942,0.9175466666666666,9.74547550000716
prior_draw_06,fixed,0.2681856460892622,375,0.2681856460892622,0.20744234323501587,0.2115921974182129,0.9208533333333333,10.501069250007276
prior_draw_06,fixed,0.2681856460892622,400,0.2681856460892622,0.20469580590724945,0.2086191177368164,0.9214133333333333,11.252814332998241
prior_draw_06,fixed,0.2681856460892622,425,0.2681856460892622,0.1995503455400467,0.2030733823776245,0.92456,12.036486208002316
prior_draw_06,fixed,0.2681856460892622,450,0.2681856460892622,0.1951138824224472,0.19838730990886688,0.9266666666666666,12.738011333000031
prior_draw_06,fixed,0.2681856460892622,475,0.2681856460892622,0.19192185997962952,0.19534832239151,0.9277333333333333,13.424982083000941
prior_draw_06,fixed,0.2681856460892622,500,0.2681856460892622,0.18900249898433685,0.19227156043052673,0.92912,14.104714957997203
prior_draw_06,fixed,0.2681856460892622,525,0.2681856460892622,0.1855563223361969,0.188762828707695,0.9303466666666667,14.803250750002917
prior_draw_06,fixed,0.2681856460892622,550,0.2681856460892622,0.18226277828216553,0.18550792336463928,0.9320533333333333,15.494369375010137
prior_draw_06,fixed,0.2681856460892622,575,0.2681856460892622,0.18008825182914734,0.1832304149866104,0.93248,16.185676542008878
prior_draw_06,fixed,0.2681856460892622,600,0.2681856460892622,0.17800039052963257,0.18099084496498108,0.93376,16.871946833009133
prior_draw_06,fixed,0.2681856460892622,625,0.2681856460892622,0.17613190412521362,0.17897966504096985,0.93416,17.554318916998454
prior_draw_06,fixed,0.2681856460892622,650,0.2681856460892622,0.17367315292358398,0.1765064001083374,0.9356533333333333,18.24479587499809
prior_draw_06,fixed,0.2681856460892622,675,0.2681856460892622,0.17097431421279907,0.1737797111272812,0.9362933333333333,18.945789375007735
prior_draw_06,fixed,0.2681856460892622,700,0.2681856460892622,0.16897736489772797,0.17199747264385223,0.9369333333333333,19.6328141670092
prior_draw_06,fixed,0.2681856460892622,725,0.2681856460892622,0.1678909957408905,0.17104612290859222,0.9369866666666666,20.302095874998486
prior_draw_06,fixed,0.2681856460892622,750,0.2681856460892622,0.16580387949943542,0.1691182404756546,0.9373066666666666,20.99394891700649
prior_draw_06,adaptive,0.2681856460892622,25,0.37293664972187895,0.46375468373298645,0.46709853410720825,0.8014933333333333,1.2554872920009075
prior_draw_06,adaptive,0.2681856460892622,50,0.41109008248605816,0.39136677980422974,0.39504170417785645,0.8361866666666666,3.381510666993563
prior_draw_06,adaptive,0.2681856460892622,75,0.4386248015386547,0.33532822132110596,0.3383004665374756,0.8635466666666667,6.308217916986905
prior_draw_06,adaptive,0.2681856460892622,100,0.4710939207046808,0.29638269543647766,0.2983819544315338,0.8818666666666667,10.073079833993688
prior_draw_06,adaptive,0.2681856460892622,125,0.49000390883121936,0.2670866549015045,0.26830220222473145,0.8962933333333334,14.614226791993133
prior_draw_06,adaptive,0.2681856460892622,150,0.5006336810550363,0.2481907308101654,0.25004321336746216,0.9046133333333334,20.121449208993
prior_draw_06,adaptive,0.2681856460892622,175,0.5153303841402208,0.2320447713136673,0.23427948355674744,0.91176,26.508743124999455
prior_draw_06,adaptive,0.2681856460892622,200,0.5292824879753241,0.21741317212581635,0.21985875070095062,0.9176266666666667,33.8859051670006
prior_draw_06,adaptive,0.2681856460892622,225,0.5335821029647124,0.20644702017307281,0.20855341851711273,0.9220533333333333,42.18330220899952
prior_draw_06,adaptive,0.2681856460892622,250,0.5428068378155019,0.19607003033161163,0.19819289445877075,0.9261333333333334,51.873755249995156
prior_draw_06,adaptive,0.2681856460892622,275,0.5484199227292633,0.18902872502803802,0.19163072109222412,0.9290933333333333,62.24957283399999
prior_draw_06,adaptive,0.2681856460892622,300,0.5576415906556716,0.1836460381746292,0.1860724836587906,0.9309066666666667,73.60519691699301
prior_draw_06,adaptive,0.2681856460892622,325,0.557439710155026,0.17822107672691345,0.18098671734333038,0.93312,86.29399799999373
prior_draw_06,adaptive,0.2681856460892622,350,0.560977699226787,0.17309916019439697,0.1761348396539688,0.9349866666666666,99.99541808399954
prior_draw_06,adaptive,0.2681856460892622,375,0.5610249194027285,0.1701889932155609,0.17246221005916595,0.9361333333333334,113.69459533398913
prior_draw_06,adaptive,0.2681856460892622,400,0.5650689283559492,0.16700200736522675,0.16898314654827118,0.9376,128.44325870899775
prior_draw_06,adaptive,0.2681856460892622,425,0.5680810741929117,0.16468219459056854,0.166879341006279,0.93864,144.51045674999477
prior_draw_06,adaptive,0.2681856460892622,450,0.5697314902209858,0.16239553689956665,0.1639692336320877,0.9399466666666667,164.04978445899906
prior_draw_06,adaptive,0.2681856460892622,475,0.5694683758804027,0.16049854457378387,0.16249364614486694,0.94096,184.4760943339934
prior_draw_06,adaptive,0.2681856460892622,500,0.5710316967369794,0.1588047444820404,0.16076408326625824,0.9417333333333333,203.7910560839955
prior_draw_06,adaptive,0.2681856460892622,525,0.5708161366821566,0.15659615397453308,0.1588437706232071,0.9426133333333333,223.89864854198822
prior_draw_06,adaptive,0.2681856460892622,550,0.5718508115946892,0.15486566722393036,0.1570391207933426,0.9438133333333333,244.90381174998765
prior_draw_06,adaptive,0.2681856460892622,575,0.5724131764067633,0.15381184220314026,0.1560981571674347,0.944,266.85993783400045
prior_draw_06,adaptive,0.2681856460892622,600,0.5727749956606472,0.15259218215942383,0.15536345541477203,0.9442933333333333,289.0898997919867
prior_draw_06,adaptive,0.2681856460892622,625,0.5726378384896328,0.15194380283355713,0.1542818546295166,0.94496,312.0427460419887
prior_draw_06,adaptive,0.2681856460892622,650,0.5719646447314823,0.15097194910049438,0.1535835713148117,0.9450933333333333,336.6413201249961
prior_draw_06,adaptive,0.2681856460892622,675,0.5713130521019436,0.15010051429271698,0.15289898216724396,0.94552,362.95786991699424
prior_draw_06,adaptive,0.2681856460892622,700,0.5724050314425955,0.14985080063343048,0.15243777632713318,0.94592,389.2576771669992
prior_draw_06,adaptive,0.2681856460892622,725,0.573051694770385,0.14936909079551697,0.15244901180267334,0.9458133333333333,416.94767812499776
prior_draw_06,adaptive,0.2681856460892622,750,0.5723974853606274,0.14936015009880066,0.15244832634925842,0.94584,445.7271142089885
prior_draw_07,fixed,0.08960210240488053,25,0.08960210240488053,0.5979183316230774,0.5993364453315735,0.76888,0.7123925420019077
prior_draw_07,fixed,0.08960210240488053,50,0.08960210240488053,0.5148575901985168,0.5178295969963074,0.7836,1.4226516250055283
prior_draw_07,fixed,0.08960210240488053,75,0.08960210240488053,0.4804539084434509,0.48352524638175964,0.7948533333333333,2.104535834005219
prior_draw_07,fixed,0.08960210240488053,100,0.08960210240488053,0.45873087644577026,0.46204379200935364,0.8033866666666667,2.7773038750019623
prior_draw_07,fixed,0.08960210240488053,125,0.08960210240488053,0.4426402151584625,0.4458974003791809,0.8094666666666667,3.4432524170115357
prior_draw_07,fixed,0.08960210240488053,150,0.08960210240488053,0.42761823534965515,0.430881142616272,0.8164,4.135376667007222
prior_draw_07,fixed,0.08960210240488053,175,0.08960210240488053,0.4139295220375061,0.4171803593635559,0.82336,4.8753436250117375
prior_draw_07,fixed,0.08960210240488053,200,0.08960210240488053,0.3992023468017578,0.4026341438293457,0.8305066666666666,5.587983167002676
prior_draw_07,fixed,0.08960210240488053,225,0.08960210240488053,0.3878360688686371,0.39095818996429443,0.8358933333333334,6.293145625008037
prior_draw_07,fixed,0.08960210240488053,250,0.08960210240488053,0.3747803270816803,0.37786591053009033,0.8429333333333333,7.0135309170000255
prior_draw_07,fixed,0.08960210240488053,275,0.08960210240488053,0.36613520979881287,0.3690272271633148,0.8474666666666667,7.718755834008334
prior_draw_07,fixed,0.08960210240488053,300,0.08960210240488053,0.3567398488521576,0.3595554828643799,0.8524266666666667,8.428777917011757
prior_draw_07,fixed,0.08960210240488053,325,0.08960210240488053,0.34733858704566956,0.3500981628894806,0.8570666666666666,9.13752154201211
prior_draw_07,fixed,0.08960210240488053,350,0.08960210240488053,0.33677634596824646,0.3391052782535553,0.8623733333333333,9.879189209008473
prior_draw_07,fixed,0.08960210240488053,375,0.08960210240488053,0.32911229133605957,0.33144986629486084,0.8657866666666667,10.612479084011284
prior_draw_07,fixed,0.08960210240488053,400,0.08960210240488053,0.3222774863243103,0.3245845437049866,0.8690933333333334,11.344607167004142
prior_draw_07,fixed,0.08960210240488053,425,0.08960210240488053,0.3138881027698517,0.3161454200744629,0.8731466666666666,12.074876667000353
prior_draw_07,fixed,0.08960210240488053,450,0.08960210240488053,0.3078014552593231,0.3099094331264496,0.8762666666666666,12.783781459002057
prior_draw_07,fixed,0.08960210240488053,475,0.08960210240488053,0.3031306266784668,0.30509427189826965,0.87848,13.533010792001733
prior_draw_07,fixed,0.08960210240488053,500,0.08960210240488053,0.29881468415260315,0.30064013600349426,0.88048,14.237920792002114
prior_draw_07,fixed,0.08960210240488053,525,0.08960210240488053,0.29071685671806335,0.2927050292491913,0.8833866666666667,14.990820917009842
prior_draw_07,fixed,0.08960210240488053,550,0.08960210240488053,0.2863524854183197,0.2883722484111786,0.8853333333333333,15.709273417000077
prior_draw_07,fixed,0.08960210240488053,575,0.08960210240488053,0.28095775842666626,0.28307539224624634,0.88792,16.432932709009037
prior_draw_07,fixed,0.08960210240488053,600,0.08960210240488053,0.27642446756362915,0.2785622775554657,0.8901333333333333,17.13387645900366
prior_draw_07,fixed,0.08960210240488053,625,0.08960210240488053,0.2710253596305847,0.2731088101863861,0.8931733333333334,17.87068841700966
prior_draw_07,fixed,0.08960210240488053,650,0.08960210240488053,0.2665897011756897,0.2689076066017151,0.8953333333333333,18.597094459008076
prior_draw_07,fixed,0.08960210240488053,675,0.08960210240488053,0.2613852024078369,0.26359277963638306,0.89768,19.33876662500552
prior_draw_07,fixed,0.08960210240488053,700,0.08960210240488053,0.25807738304138184,0.2602997422218323,0.8989066666666666,20.057827292010188
prior_draw_07,fixed,0.08960210240488053,725,0.08960210240488053,0.2538396716117859,0.2559276521205902,0.9013066666666667,20.78833829201176
prior_draw_07,fixed,0.08960210240488053,750,0.08960210240488053,0.24962781369686127,0.25159206986427307,0.90344,21.551738042006036
prior_draw_07,adaptive,0.08960210240488053,25,0.1276547697632515,0.5704866647720337,0.5719187259674072,0.77312,1.3369755000021541
prior_draw_07,adaptive,0.08960210240488053,50,0.1409791741601122,0.48784422874450684,0.49068933725357056,0.79192,3.635627667012159
prior_draw_07,adaptive,0.08960210240488053,75,0.146087911936864,0.4517155587673187,0.45455536246299744,0.8070133333333334,6.762476917007007
prior_draw_07,adaptive,0.08960210240488053,100,0.1510170552783123,0.42645707726478577,0.4294276535511017,0.81728,10.883005959010916
prior_draw_07,adaptive,0.08960210240488053,125,0.15392673032869544,0.400924414396286,0.4033938944339752,0.8301066666666667,16.063053542005946
prior_draw_07,adaptive,0.08960210240488053,150,0.15830705457891825,0.377466082572937,0.3801933228969574,0.84272,21.791268167013186
prior_draw_07,adaptive,0.08960210240488053,175,0.15957511485450146,0.3628681004047394,0.36548295617103577,0.8496533333333334,28.523779167007888
prior_draw_07,adaptive,0.08960210240488053,200,0.16327416300434064,0.3404936194419861,0.3426128327846527,0.8610933333333334,36.18385962500179
prior_draw_07,adaptive,0.08960210240488053,225,0.1652160159149325,0.32601019740104675,0.32816436886787415,0.86784,45.0612786670099
prior_draw_07,adaptive,0.08960210240488053,250,0.16787061969786252,0.3129650950431824,0.31540241837501526,0.8741333333333333,54.773479417010094
prior_draw_07,adaptive,0.08960210240488053,275,0.16912206278068456,0.30270496010780334,0.3050394058227539,0.8789066666666666,65.62279733399919
prior_draw_07,adaptive,0.08960210240488053,300,0.17323484531674313,0.28929367661476135,0.29141178727149963,0.8848533333333334,77.05218433401024
prior_draw_07,adaptive,0.08960210240488053,325,0.17517417254592998,0.2784252464771271,0.2805795669555664,0.89024,89.58211875001143
prior_draw_07,adaptive,0.08960210240488053,350,0.17711085176702304,0.26944541931152344,0.27140578627586365,0.8940533333333334,103.25687141700473
prior_draw_07,adaptive,0.08960210240488053,375,0.17854317531436018,0.26183462142944336,0.26377108693122864,0.89704,117.92438612499973
prior_draw_07,adaptive,0.08960210240488053,400,0.1796649720225375,0.25426530838012695,0.2558742165565491,0.9008,133.58515700000862
prior_draw_07,adaptive,0.08960210240488053,425,0.18133149702928217,0.2466563582420349,0.2484149932861328,0.9046133333333334,150.2390050420072
prior_draw_07,adaptive,0.08960210240488053,450,0.18293698315675372,0.23879630863666534,0.24054054915905,0.9076,167.91419087500253
prior_draw_07,adaptive,0.08960210240488053,475,0.18362118252996282,0.23259614408016205,0.23446166515350342,0.9106133333333334,186.14559541700874
prior_draw_07,adaptive,0.08960210240488053,500,0.18459044364825072,0.22917719185352325,0.23107285797595978,0.9118666666666667,205.54069345899916
prior_draw_07,adaptive,0.08960210240488053,525,0.18563068070936617,0.22318284213542938,0.22516828775405884,0.91448,226.09266816700983
prior_draw_07,adaptive,0.08960210240488053,550,0.18664214153232317,0.21778512001037598,0.21985827386379242,0.9164266666666666,248.1923281250056
prior_draw_07,adaptive,0.08960210240488053,575,0.18704328997409117,0.21325626969337463,0.2155451774597168,0.9181333333333334,271.3478451250121
prior_draw_07,adaptive,0.08960210240488053,600,0.18759699912189481,0.20982731878757477,0.21217083930969238,0.91952,295.0294420840073
prior_draw_07,adaptive,0.08960210240488053,625,0.18817865919382396,0.2058732807636261,0.20804603397846222,0.9209333333333334,319.2533262090001
prior_draw_07,adaptive,0.08960210240488053,650,0.18869648736926187,0.20252695679664612,0.20464466512203217,0.9225333333333333,344.62762700000894
prior_draw_07,adaptive,0.08960210240488053,675,0.1891011116669205,0.19896572828292847,0.20122314989566803,0.9243466666666666,370.7999400000117
prior_draw_07,adaptive,0.08960210240488053,700,0.1896664593900402,0.1962703913450241,0.19869253039360046,0.92528,399.6969582919992
prior_draw_07,adaptive,0.08960210240488053,725,0.18998147130186377,0.1944730430841446,0.1969488263130188,0.9256533333333333,428.20862562500406
prior_draw_07,adaptive,0.08960210240488053,750,0.19052204971823627,0.19194097816944122,0.19448179006576538,0.92664,458.4165130420006
prior_draw_08,fixed,0.06516353689472666,25,0.06516353689472666,0.6536015868186951,0.6542115807533264,0.7586933333333333,0.72111166700779
prior_draw_08,fixed,0.06516353689472666,50,0.06516353689472666,0.5492784380912781,0.5511841177940369,0.77704,1.4626056249981048
prior_draw_08,fixed,0.06516353689472666,75,0.06516353689472666,0.5081043839454651,0.510911226272583,0.7860266666666667,2.1853572499967413
prior_draw_08,fixed,0.06516353689472666,100,0.06516353689472666,0.48535192012786865,0.48834583163261414,0.79328,2.884881250007311
prior_draw_08,fixed,0.06516353689472666,125,0.06516353689472666,0.46809688210487366,0.47133225202560425,0.8001066666666666,3.577212749994942
prior_draw_08,fixed,0.06516353689472666,150,0.06516353689472666,0.4550759792327881,0.45829281210899353,0.8051466666666667,4.302686042006826
prior_draw_08,fixed,0.06516353689472666,175,0.06516353689472666,0.4434434771537781,0.4464702606201172,0.8095733333333334,4.991009542005486
prior_draw_08,fixed,0.06516353689472666,200,0.06516353689472666,0.43177157640457153,0.4347246289253235,0.81432,5.692277334004757
prior_draw_08,fixed,0.06516353689472666,225,0.06516353689472666,0.42220568656921387,0.4253094792366028,0.8178933333333334,6.397946459008381
prior_draw_08,fixed,0.06516353689472666,250,0.06516353689472666,0.4102482199668884,0.41329631209373474,0.8256266666666666,7.108838583997567
prior_draw_08,fixed,0.06516353689472666,275,0.06516353689472666,0.399347186088562,0.4021516740322113,0.8319733333333333,7.836662083995179
prior_draw_08,fixed,0.06516353689472666,300,0.06516353689472666,0.38993149995803833,0.3926157057285309,0.83704,8.559942959007458
prior_draw_08,fixed,0.06516353689472666,325,0.06516353689472666,0.38090842962265015,0.38355347514152527,0.84152,9.282663000005414
prior_draw_08,fixed,0.06516353689472666,350,0.06516353689472666,0.3732081651687622,0.375969797372818,0.8456533333333334,10.009758750005858
prior_draw_08,fixed,0.06516353689472666,375,0.06516353689472666,0.36633145809173584,0.3689018785953522,0.8486933333333333,10.730745459004538
prior_draw_08,fixed,0.06516353689472666,400,0.06516353689472666,0.3592982590198517,0.3617726266384125,0.8522133333333334,11.496082708996255
prior_draw_08,fixed,0.06516353689472666,425,0.06516353689472666,0.3526321053504944,0.3551226258277893,0.85536,12.227607459004503
prior_draw_08,fixed,0.06516353689472666,450,0.06516353689472666,0.3462989032268524,0.3487323820590973,0.85888,12.96291512499738
prior_draw_08,fixed,0.06516353689472666,475,0.06516353689472666,0.33918625116348267,0.3417090177536011,0.86152,13.696177417004947
prior_draw_08,fixed,0.06516353689472666,500,0.06516353689472666,0.3330453038215637,0.33541256189346313,0.86488,14.437275250005769
prior_draw_08,fixed,0.06516353689472666,525,0.06516353689472666,0.32931259274482727,0.3317742943763733,0.8673333333333333,15.156990125004086
prior_draw_08,fixed,0.06516353689472666,550,0.06516353689472666,0.3230946660041809,0.3256262540817261,0.8696,15.89739191699482
prior_draw_08,fixed,0.06516353689472666,575,0.06516353689472666,0.31956347823143005,0.3219950497150421,0.87136,16.624145334004425
prior_draw_08,fixed,0.06516353689472666,600,0.06516353689472666,0.31483593583106995,0.3172042965888977,0.8737866666666667,17.369416208995972
prior_draw_08,fixed,0.06516353689472666,625,0.06516353689472666,0.31094130873680115,0.31326109170913696,0.8748266666666666,18.11649183400732
prior_draw_08,fixed,0.06516353689472666,650,0.06516353689472666,0.3055954873561859,0.308071494102478,0.87736,18.901029833999928
prior_draw_08,fixed,0.06516353689472666,675,0.06516353689472666,0.3018898069858551,0.30434536933898926,0.87856,19.624821042001713
prior_draw_08,fixed,0.06516353689472666,700,0.06516353689472666,0.29624080657958984,0.2988493740558624,0.8812266666666667,20.36710858400329
prior_draw_08,fixed,0.06516353689472666,725,0.06516353689472666,0.29159271717071533,0.294158011674881,0.8835733333333333,21.0995147920039
prior_draw_08,fixed,0.06516353689472666,750,0.06516353689472666,0.28861239552497864,0.2912995219230652,0.8841066666666667,21.82621816699975
prior_draw_08,adaptive,0.06516353689472666,25,0.09420878140444187,0.6207696199417114,0.6218897104263306,0.76368,1.3474879169953056
prior_draw_08,adaptive,0.06516353689472666,50,0.10701641599370434,0.5149214863777161,0.5178636312484741,0.78368,3.722605792005197
prior_draw_08,adaptive,0.06516353689472666,75,0.11067314070916491,0.47478917241096497,0.477726548910141,0.7964266666666666,7.005029167004977
prior_draw_08,adaptive,0.06516353689472666,100,0.11404581599869294,0.4510039687156677,0.4537549614906311,0.8046933333333334,11.132905582999228
prior_draw_08,adaptive,0.06516353689472666,125,0.11784179209431697,0.4271543323993683,0.42997732758522034,0.8170933333333333,16.09263883299718
prior_draw_08,adaptive,0.06516353689472666,150,0.12008788166112902,0.40980637073516846,0.4129049479961395,0.8258933333333334,21.959570542006986
prior_draw_08,adaptive,0.06516353689472666,175,0.1215283966991536,0.39132505655288696,0.3943096995353699,0.8355466666666667,28.832075041995267
prior_draw_08,adaptive,0.06516353689472666,200,0.122816268115002,0.3773140013217926,0.3800709843635559,0.8431466666666667,36.647593166999286
prior_draw_08,adaptive,0.06516353689472666,225,0.12465762069228634,0.35923832654953003,0.3620995283126831,0.8525333333333334,45.54155404200719
prior_draw_08,adaptive,0.06516353689472666,250,0.12698607730887718,0.3457702696323395,0.34878572821617126,0.8585333333333334,55.25941137500922
prior_draw_08,adaptive,0.06516353689472666,275,0.12814426474651097,0.3345487117767334,0.33702704310417175,0.8631733333333333,65.7049282920052
prior_draw_08,adaptive,0.06516353689472666,300,0.12971981318996392,0.32191967964172363,0.3242243826389313,0.8690933333333334,77.0187843330059
prior_draw_08,adaptive,0.06516353689472666,325,0.13031188735890137,0.3120454251766205,0.31453290581703186,0.87384,89.48261337500298
prior_draw_08,adaptive,0.06516353689472666,350,0.13219144073859065,0.30387184023857117,0.3063170909881592,0.8778666666666667,103.31003020799835
prior_draw_08,adaptive,0.06516353689472666,375,0.13302635950337793,0.29711759090423584,0.2991431653499603,0.8810666666666667,117.62637187499786
prior_draw_08,adaptive,0.06516353689472666,400,0.1353226380661335,0.28813818097114563,0.29017624258995056,0.8860533333333334,133.0789558749966
prior_draw_08,adaptive,0.06516353689472666,425,0.13596389542436624,0.28009170293807983,0.28209221363067627,0.8898933333333333,149.52494129200932
prior_draw_08,adaptive,0.06516353689472666,450,0.13692645886721988,0.2731592059135437,0.27517712116241455,0.8932266666666666,167.09715324999706
prior_draw_08,adaptive,0.06516353689472666,475,0.13759473075899323,0.26753973960876465,0.26956111192703247,0.8953333333333333,185.955315625004
prior_draw_08,adaptive,0.06516353689472666,500,0.1385493811581889,0.26115328073501587,0.2633854150772095,0.8986933333333333,206.68153433300904
prior_draw_08,adaptive,0.06516353689472666,525,0.1390214374653694,0.25650036334991455,0.2587685286998749,0.9016266666666667,228.04148404199805
prior_draw_08,adaptive,0.06516353689472666,550,0.13994374600166135,0.25040382146835327,0.25282058119773865,0.9032,248.58346608300053
prior_draw_08,adaptive,0.06516353689472666,575,0.14032978404374166,0.24563336372375488,0.24792155623435974,0.90504,269.4072948749963
prior_draw_08,adaptive,0.06516353689472666,600,0.14113449529044433,0.23975132405757904,0.24209380149841309,0.90832,290.95023516700894
prior_draw_08,adaptive,0.06516353689472666,625,0.14142246173212839,0.23455291986465454,0.2371969074010849,0.9105066666666667,313.40418549999595
prior_draw_08,adaptive,0.06516353689472666,650,0.14190122873001523,0.23052339255809784,0.23333357274532318,0.9114666666666666,338.6915923750057
prior_draw_08,adaptive,0.06516353689472666,675,0.14226935675767105,0.22666195034980774,0.22927089035511017,0.9132533333333334,365.07198999999673
prior_draw_08,adaptive,0.06516353689472666,700,0.14312992296503432,0.2234339565038681,0.22612328827381134,0.9148266666666667,392.6308400830021
prior_draw_08,adaptive,0.06516353689472666,725,0.1434396004171941,0.21990421414375305,0.22259438037872314,0.9156,421.2164395830041
prior_draw_08,adaptive,0.06516353689472666,750,0.14426954127476208,0.21609359979629517,0.21894624829292297,0.91776,450.60080770800414
prior_draw_09,fixed,0.07842685754114745,25,0.07842685754114745,0.6199065446853638,0.6205354332923889,0.7648266666666667,0.7170298339915462
prior_draw_09,fixed,0.07842685754114745,50,0.07842685754114745,0.5276556015014648,0.5295782685279846,0.7814133333333333,1.460121291995165
prior_draw_09,fixed,0.07842685754114745,75,0.07842685754114745,0.4917268753051758,0.49429550766944885,0.7912,2.203152083995519
prior_draw_09,fixed,0.07842685754114745,100,0.07842685754114745,0.46930500864982605,0.4719480276107788,0.7996,2.886637958989013
prior_draw_09,fixed,0.07842685754114745,125,0.07842685754114745,0.4515090584754944,0.45416536927223206,0.8069333333333333,3.566836958998465
prior_draw_09,fixed,0.07842685754114745,150,0.07842685754114745,0.43852540850639343,0.44123613834381104,0.81136,4.244113166991156
prior_draw_09,fixed,0.07842685754114745,175,0.07842685754114745,0.42439016699790955,0.4271782338619232,0.81872,4.940635124992696
prior_draw_09,fixed,0.07842685754114745,200,0.07842685754114745,0.41006743907928467,0.4129330515861511,0.82576,5.65872724998917
prior_draw_09,fixed,0.07842685754114745,225,0.07842685754114745,0.39937520027160645,0.4022834897041321,0.8314133333333333,6.372777749988018
prior_draw_09,fixed,0.07842685754114745,250,0.07842685754114745,0.38904207944869995,0.3918361961841583,0.8364533333333334,7.09224837498914
prior_draw_09,fixed,0.07842685754114745,275,0.07842685754114745,0.3765667974948883,0.3794165551662445,0.8430133333333333,7.819534791997285
prior_draw_09,fixed,0.07842685754114745,300,0.07842685754114745,0.369914174079895,0.3726922273635864,0.8468266666666666,8.558204458997352
prior_draw_09,fixed,0.07842685754114745,325,0.07842685754114745,0.35948386788368225,0.36225980520248413,0.8527466666666667,9.278906124993227
prior_draw_09,fixed,0.07842685754114745,350,0.07842685754114745,0.35158005356788635,0.35435163974761963,0.8559733333333334,10.01595233399712
prior_draw_09,fixed,0.07842685754114745,375,0.07842685754114745,0.3445262014865875,0.3473728895187378,0.8589333333333333,10.740444916998968
prior_draw_09,fixed,0.07842685754114745,400,0.07842685754114745,0.3376060724258423,0.3402337431907654,0.8622133333333334,11.472081916988827
prior_draw_09,fixed,0.07842685754114745,425,0.07842685754114745,0.3296028673648834,0.3319646120071411,0.8659733333333334,12.218764916993678
prior_draw_09,fixed,0.07842685754114745,450,0.07842685754114745,0.3248478174209595,0.32715609669685364,0.8687466666666667,12.941260624997085
prior_draw_09,fixed,0.07842685754114745,475,0.07842685754114745,0.3181331753730774,0.3203834891319275,0.8717066666666666,13.675530708991573
prior_draw_09,fixed,0.07842685754114745,500,0.07842685754114745,0.3110123574733734,0.3129783868789673,0.87608,14.407110166997882
prior_draw_09,fixed,0.07842685754114745,525,0.07842685754114745,0.306500643491745,0.30856314301490784,0.8775466666666667,15.157134291992406
prior_draw_09,fixed,0.07842685754114745,550,0.07842685754114745,0.3018592894077301,0.30405479669570923,0.8794666666666666,15.875319916987792
prior_draw_09,fixed,0.07842685754114745,575,0.07842685754114745,0.2975223958492279,0.29970553517341614,0.8810933333333333,16.602437624998856
prior_draw_09,fixed,0.07842685754114745,600,0.07842685754114745,0.2920398712158203,0.2944839894771576,0.8833333333333333,17.339200124988565
prior_draw_09,fixed,0.07842685754114745,625,0.07842685754114745,0.286858469247818,0.2893902361392975,0.8857066666666666,18.072784584001056
prior_draw_09,fixed,0.07842685754114745,650,0.07842685754114745,0.28228703141212463,0.28491219878196716,0.8872,18.810402584000258
prior_draw_09,fixed,0.07842685754114745,675,0.07842685754114745,0.27728307247161865,0.27990245819091797,0.88936,19.546905333991162
prior_draw_09,fixed,0.07842685754114745,700,0.07842685754114745,0.27307218313217163,0.27563682198524475,0.8919733333333333,20.28152616698935
prior_draw_09,fixed,0.07842685754114745,725,0.07842685754114745,0.27002233266830444,0.27245160937309265,0.8934933333333334,21.003790541988565
prior_draw_09,fixed,0.07842685754114745,750,0.07842685754114745,0.26722609996795654,0.26971662044525146,0.8949333333333334,21.76385908399243
prior_draw_09,adaptive,0.07842685754114745,25,0.11266883142797138,0.5914463400840759,0.5922077894210815,0.7688,1.3407348330074456
prior_draw_09,adaptive,0.07842685754114745,50,0.12454270605896588,0.49907833337783813,0.5014604330062866,0.7885066666666667,3.6702170409989776
prior_draw_09,adaptive,0.07842685754114745,75,0.12814411165886286,0.4620756208896637,0.46481916308403015,0.80296,6.871564916000352
prior_draw_09,adaptive,0.07842685754114745,100,0.131136560594564,0.43662410974502563,0.43913233280181885,0.81336,10.883497582995915
prior_draw_09,adaptive,0.07842685754114745,125,0.13535589503156858,0.41110938787460327,0.41377416253089905,0.8250666666666666,15.792425082996488
prior_draw_09,adaptive,0.07842685754114745,150,0.1389914514656005,0.3921531140804291,0.39487946033477783,0.83376,21.649724415998207
prior_draw_09,adaptive,0.07842685754114745,175,0.14140471425352472,0.3709619641304016,0.37368980050086975,0.846,28.43907483300427
prior_draw_09,adaptive,0.07842685754114745,200,0.1439401574883809,0.3581354022026062,0.3608057200908661,0.8521066666666667,36.217971374993795
prior_draw_09,adaptive,0.07842685754114745,225,0.14592119862770625,0.3417721390724182,0.3446495831012726,0.8594666666666667,45.37931099999696
prior_draw_09,adaptive,0.07842685754114745,250,0.14937173341831522,0.32761842012405396,0.3303341269493103,0.8669333333333333,55.3598607909953
prior_draw_09,adaptive,0.07842685754114745,275,0.15127154033241297,0.31449371576309204,0.3170912563800812,0.8730666666666667,66.10151466600655
prior_draw_09,adaptive,0.07842685754114745,300,0.15251732290553352,0.30546051263809204,0.3080751597881317,0.8764,77.82536912499927
prior_draw_09,adaptive,0.07842685754114745,325,0.15438751227263559,0.29448452591896057,0.2966977059841156,0.88264,90.23196895800356
prior_draw_09,adaptive,0.07842685754114745,350,0.15634503832397,0.2836430072784424,0.2858991026878357,0.8874933333333334,103.59136241600208
prior_draw_09,adaptive,0.07842685754114745,375,0.15771154728069936,0.2754009962081909,0.27778348326683044,0.8909866666666667,116.69796037500782
prior_draw_09,adaptive,0.07842685754114745,400,0.1585865160025432,0.2679903209209442,0.27066540718078613,0.8940266666666666,132.1185954160028
prior_draw_09,adaptive,0.07842685754114745,425,0.1589974227109219,0.26181647181510925,0.26442813873291016,0.89672,148.51517774999957
prior_draw_09,adaptive,0.07842685754114745,450,0.16021111342716512,0.2545519173145294,0.2571347951889038,0.89992,165.98948249999376
prior_draw_09,adaptive,0.07842685754114745,475,0.16125367381789654,0.2489386945962906,0.2513095438480377,0.90288,184.86233950000315
prior_draw_09,adaptive,0.07842685754114745,500,0.1627421003036084,0.24160702526569366,0.24395255744457245,0.9064533333333333,204.8737886250019
prior_draw_09,adaptive,0.07842685754114745,525,0.16340083365269376,0.23639607429504395,0.23886895179748535,0.9092266666666666,226.03482516600343
prior_draw_09,adaptive,0.07842685754114745,550,0.16419092650317163,0.2322898507118225,0.23453272879123688,0.9110666666666667,248.07700216599915
prior_draw_09,adaptive,0.07842685754114745,575,0.1644818292157282,0.22675330936908722,0.2291259914636612,0.9133066666666667,271.6396351660078
prior_draw_09,adaptive,0.07842685754114745,600,0.16495613551834076,0.22255036234855652,0.22486698627471924,0.9154133333333333,295.9052284579957
prior_draw_09,adaptive,0.07842685754114745,625,0.16601662805478798,0.2177465558052063,0.22000180184841156,0.91808,320.43845200000214
prior_draw_09,adaptive,0.07842685754114745,650,0.16643097160505035,0.21466203033924103,0.2167610228061676,0.9193333333333333,346.0589460829942
prior_draw_09,adaptive,0.07842685754114745,675,0.16671102244046224,0.21192575991153717,0.2141549289226532,0.92032,372.9092727910029
prior_draw_09,adaptive,0.07842685754114745,700,0.16709611664555968,0.20937736332416534,0.2116912305355072,0.9206133333333333,400.6611927079939
prior_draw_09,adaptive,0.07842685754114745,725,0.1675551942052598,0.2061745673418045,0.2086690068244934,0.92216,427.7261371659988
prior_draw_09,adaptive,0.07842685754114745,750,0.1677883964308069,0.2038659155368805,0.20648075640201569,0.9227733333333333,454.0656639999943
prior_draw_10,fixed,0.33666999590715646,25,0.33666999590715646,0.4566033184528351,0.45995229482650757,0.8008533333333333,0.6736309580010129
prior_draw_10,fixed,0.33666999590715646,50,0.33666999590715646,0.3959733545780182,0.4000184237957001,0.83168,1.3348954170069192
prior_draw_10,fixed,0.33666999590715646,75,0.33666999590715646,0.35239797830581665,0.3560290038585663,0.8533333333333334,2.028062042008969
prior_draw_10,fixed,0.33666999590715646,100,0.33666999590715646,0.31739282608032227,0.3201713562011719,0.8704533333333333,2.7187356670037843
prior_draw_10,fixed,0.33666999590715646,125,0.33666999590715646,0.2896724045276642,0.29268646240234375,0.8837333333333334,3.4169435420044465
prior_draw_10,fixed,0.33666999590715646,150,0.33666999590715646,0.272461861371994,0.2755337953567505,0.8906666666666667,4.106991542008473
prior_draw_10,fixed,0.33666999590715646,175,0.33666999590715646,0.25567781925201416,0.25808313488960266,0.8996,4.814768666998134
prior_draw_10,fixed,0.33666999590715646,200,0.33666999590715646,0.2435624748468399,0.24549922347068787,0.9060533333333334,5.505164083006093
prior_draw_10,fixed,0.33666999590715646,225,0.33666999590715646,0.22893880307674408,0.23077338933944702,0.91288,6.203620166998007
prior_draw_10,fixed,0.33666999590715646,250,0.33666999590715646,0.22037531435489655,0.22237037122249603,0.9162133333333333,6.905717000001459
prior_draw_10,fixed,0.33666999590715646,275,0.33666999590715646,0.21479535102844238,0.21671278774738312,0.9179466666666667,7.5802204579958925
prior_draw_10,fixed,0.33666999590715646,300,0.33666999590715646,0.20750544965267181,0.2095748782157898,0.9212266666666666,8.269707583007403
prior_draw_10,fixed,0.33666999590715646,325,0.33666999590715646,0.20154838263988495,0.20380939543247223,0.9237066666666667,8.949700124998344
prior_draw_10,fixed,0.33666999590715646,350,0.33666999590715646,0.19686530530452728,0.19921347498893738,0.9255466666666666,9.63341379200574
prior_draw_10,fixed,0.33666999590715646,375,0.33666999590715646,0.1928245574235916,0.19522860646247864,0.92696,10.321213582996279
prior_draw_10,fixed,0.33666999590715646,400,0.33666999590715646,0.18886037170886993,0.19153471291065216,0.9289866666666666,11.003544749997673
prior_draw_10,fixed,0.33666999590715646,425,0.33666999590715646,0.18557924032211304,0.18761833012104034,0.9293866666666667,11.68801587499911
prior_draw_10,fixed,0.33666999590715646,450,0.33666999590715646,0.18180935084819794,0.18371690809726715,0.9318133333333334,12.378176958009135
prior_draw_10,fixed,0.33666999590715646,475,0.33666999590715646,0.17853645980358124,0.18076518177986145,0.93296,13.062259833008284
prior_draw_10,fixed,0.33666999590715646,500,0.33666999590715646,0.17565332353115082,0.17768697440624237,0.93392,13.744161292008357
prior_draw_10,fixed,0.33666999590715646,525,0.33666999590715646,0.17241176962852478,0.17446690797805786,0.9355466666666666,14.416221332998248
prior_draw_10,fixed,0.33666999590715646,550,0.33666999590715646,0.16928629577159882,0.17153681814670563,0.9372,15.09296995800105
prior_draw_10,fixed,0.33666999590715646,575,0.33666999590715646,0.1679137498140335,0.17036490142345428,0.9376533333333333,15.770762583008036
prior_draw_10,fixed,0.33666999590715646,600,0.33666999590715646,0.16534753143787384,0.16747945547103882,0.9383466666666667,16.458690957995714
prior_draw_10,fixed,0.33666999590715646,625,0.33666999590715646,0.1632784903049469,0.16562335193157196,0.9389066666666667,17.14579579200654
prior_draw_10,fixed,0.33666999590715646,650,0.33666999590715646,0.16155540943145752,0.16373085975646973,0.9393866666666667,17.82136937500036
prior_draw_10,fixed,0.33666999590715646,675,0.33666999590715646,0.15982511639595032,0.16205842792987823,0.9401066666666666,18.50529387500137
prior_draw_10,fixed,0.33666999590715646,700,0.33666999590715646,0.15812155604362488,0.16040362417697906,0.9409333333333333,19.183244291998562
prior_draw_10,fixed,0.33666999590715646,725,0.33666999590715646,0.15668272972106934,0.1585589498281479,0.942,19.872879500006093
prior_draw_10,fixed,0.33666999590715646,750,0.33666999590715646,0.15581181645393372,0.15785956382751465,0.9422666666666667,20.52513395799906
prior_draw_10,adaptive,0.33666999590715646,25,0.48436443841964383,0.43886494636535645,0.44349583983421326,0.80992,1.2765063749975525
prior_draw_10,adaptive,0.33666999590715646,50,0.6292095029670641,0.3551448583602905,0.35639840364456177,0.85256,3.461653499995009
prior_draw_10,adaptive,0.33666999590715646,75,0.6581373734600353,0.2895984351634979,0.29057571291923523,0.8822666666666666,6.5008404169930145
prior_draw_10,adaptive,0.33666999590715646,100,0.6965925483098333,0.25263550877571106,0.25246894359588623,0.8998933333333333,10.420787583992933
prior_draw_10,adaptive,0.33666999590715646,125,0.7082813831892686,0.22848406434059143,0.23007343709468842,0.9105066666666667,15.187698666995857
prior_draw_10,adaptive,0.33666999590715646,150,0.728727911895027,0.20872615277767181,0.2103525996208191,0.9195733333333334,20.765943499995046
prior_draw_10,adaptive,0.33666999590715646,175,0.7364393583955919,0.19499824941158295,0.19785389304161072,0.9253066666666667,27.333394624991342
prior_draw_10,adaptive,0.33666999590715646,200,0.7378539491421853,0.18712301552295685,0.18970541656017303,0.9284533333333334,34.73927808400185
prior_draw_10,adaptive,0.33666999590715646,225,0.736298555788616,0.18013015389442444,0.18295182287693024,0.93112,43.24779233400477
prior_draw_10,adaptive,0.33666999590715646,250,0.7394562278455187,0.17365936934947968,0.17605137825012207,0.93496,52.6009364999918
prior_draw_10,adaptive,0.33666999590715646,275,0.7412167622517963,0.16825468838214874,0.17008338868618011,0.93744,62.90984733399819
prior_draw_10,adaptive,0.33666999590715646,300,0.7456613443933863,0.16493727266788483,0.16756069660186768,0.9384266666666666,74.09365533399978
prior_draw_10,adaptive,0.33666999590715646,325,0.7485533989318451,0.16210220754146576,0.16439814865589142,0.9395466666666666,86.14652295899577
prior_draw_10,adaptive,0.33666999590715646,350,0.7487474143744888,0.16038444638252258,0.1631310135126114,0.9405333333333333,98.99851304199547
prior_draw_10,adaptive,0.33666999590715646,375,0.7512432591502753,0.15896140038967133,0.16135573387145996,0.9412533333333334,113.03117770899553
prior_draw_10,adaptive,0.33666999590715646,400,0.7545208939652195,0.15762564539909363,0.15919996798038483,0.9415466666666666,128.71289924999292
prior_draw_10,adaptive,0.33666999590715646,425,0.7529126315874085,0.15615679323673248,0.15824715793132782,0.9425333333333333,144.68668829200033
prior_draw_10,adaptive,0.33666999590715646,450,0.7502903801824027,0.15579253435134888,0.1574014276266098,0.9434666666666667,161.25905129199964
prior_draw_10,adaptive,0.33666999590715646,475,0.7526329814279284,0.15462875366210938,0.1563669592142105,0.9434133333333333,178.99523904199305
prior_draw_10,adaptive,0.33666999590715646,500,0.7500138508870737,0.15431159734725952,0.15648075938224792,0.9441333333333334,196.5435186669929
prior_draw_10,adaptive,0.33666999590715646,525,0.7460060865862495,0.15359728038311005,0.15572619438171387,0.94456,215.16593341699627
prior_draw_10,adaptive,0.33666999590715646,550,0.7459596025777178,0.15291182696819305,0.15536920726299286,0.9454666666666667,234.71717237499251
prior_draw_10,adaptive,0.33666999590715646,575,0.7466643659951221,0.1526326984167099,0.15548183023929596,0.9457333333333333,255.5591641249921
prior_draw_10,adaptive,0.33666999590715646,600,0.7458939246430705,0.15232518315315247,0.15513765811920166,0.946,280.0013262919965
prior_draw_10,adaptive,0.33666999590715646,625,0.7444329661157093,0.15191589295864105,0.15466007590293884,0.9468266666666667,305.8773217499984
prior_draw_10,adaptive,0.33666999590715646,650,0.7450037419964186,0.1510973423719406,0.15447719395160675,0.94704,332.741483167003
prior_draw_10,adaptive,0.33666999590715646,675,0.7431328688125189,0.15121835470199585,0.15440970659255981,0.9471733333333333,360.66348920899327
prior_draw_10,adaptive,0.33666999590715646,700,0.7395549189735594,0.1511114090681076,0.15476083755493164,0.9467466666666666,388.98857087499346
prior_draw_10,adaptive,0.33666999590715646,725,0.7397287922871928,0.15160611271858215,0.15506434440612793,0.9465066666666667,417.09376579200034
prior_draw_10,adaptive,0.33666999590715646,750,0.7404314498558363,0.15161602199077606,0.15500414371490479,0.9471466666666667,448.19996441699914
prior_draw_11,fixed,0.14399612455465047,25,0.14399612455465047,0.5340994596481323,0.53584885597229,0.7800533333333334,0.7128879169904394
prior_draw_11,fixed,0.14399612455465047,50,0.14399612455465047,0.4745311439037323,0.47697094082832336,0.79736,1.35667145899788
prior_draw_11,fixed,0.14399612455465047,75,0.14399612455465047,0.4434798061847687,0.4461805820465088,0.8092,1.991651666990947
prior_draw_11,fixed,0.14399612455465047,100,0.14399612455465047,0.4190619885921478,0.4219813644886017,0.82056,2.643382333990303
prior_draw_11,fixed,0.14399612455465047,125,0.14399612455465047,0.3953617215156555,0.39783892035484314,0.832,3.3174493749975227
prior_draw_11,fixed,0.14399612455465047,150,0.14399612455465047,0.37622347474098206,0.3785998523235321,0.8424266666666667,3.9947127920022467
prior_draw_11,fixed,0.14399612455465047,175,0.14399612455465047,0.3584756851196289,0.361257404088974,0.8496,4.659804625000106
prior_draw_11,fixed,0.14399612455465047,200,0.14399612455465047,0.3433085083961487,0.3456394672393799,0.8584266666666667,5.348729834004189
prior_draw_11,fixed,0.14399612455465047,225,0.14399612455465047,0.32898858189582825,0.33151984214782715,0.86528,6.047246374990209
prior_draw_11,fixed,0.14399612455465047,250,0.14399612455465047,0.3170291781425476,0.3193308711051941,0.8709866666666667,6.746852917000069
prior_draw_11,fixed,0.14399612455465047,275,0.14399612455465047,0.3052506148815155,0.30787795782089233,0.8765866666666666,7.452687500001048
prior_draw_11,fixed,0.14399612455465047,300,0.14399612455465047,0.29613977670669556,0.2986874282360077,0.88024,8.137703500004136
prior_draw_11,fixed,0.14399612455465047,325,0.14399612455465047,0.28605276346206665,0.2886892259120941,0.88624,8.829149458993925
prior_draw_11,fixed,0.14399612455465047,350,0.14399612455465047,0.27852845191955566,0.2809480130672455,0.88968,9.504058666992933
prior_draw_11,fixed,0.14399612455465047,375,0.14399612455465047,0.2718835473060608,0.2743726968765259,0.8925333333333333,10.182435084003373
prior_draw_11,fixed,0.14399612455465047,400,0.14399612455465047,0.26527297496795654,0.26794150471687317,0.89568,10.856128166997223
prior_draw_11,fixed,0.14399612455465047,425,0.14399612455465047,0.2598631680011749,0.2623322904109955,0.8981066666666667,11.539598208997631
prior_draw_11,fixed,0.14399612455465047,450,0.14399612455465047,0.25303858518600464,0.255611389875412,0.90096,12.217472459000419
prior_draw_11,fixed,0.14399612455465047,475,0.14399612455465047,0.24733375012874603,0.25022244453430176,0.9033066666666667,12.91310879199591
prior_draw_11,fixed,0.14399612455465047,500,0.14399612455465047,0.243091881275177,0.24619796872138977,0.90512,13.578317249994143
prior_draw_11,fixed,0.14399612455465047,525,0.14399612455465047,0.2406492382287979,0.24356995522975922,0.9064266666666667,14.229472374994657
prior_draw_11,fixed,0.14399612455465047,550,0.14399612455465047,0.23569130897521973,0.2388102114200592,0.9077866666666666,14.929249583990895
prior_draw_11,fixed,0.14399612455465047,575,0.14399612455465047,0.23073992133140564,0.2339213490486145,0.91048,15.641665125003783
prior_draw_11,fixed,0.14399612455465047,600,0.14399612455465047,0.22617022693157196,0.22943656146526337,0.9130666666666667,16.331427041994175
prior_draw_11,fixed,0.14399612455465047,625,0.14399612455465047,0.2223183661699295,0.2256251573562622,0.91488,17.107578958995873
prior_draw_11,fixed,0.14399612455465047,650,0.14399612455465047,0.21814395487308502,0.22166383266448975,0.9164,17.88573395900312
prior_draw_11,fixed,0.14399612455465047,675,0.14399612455465047,0.21506327390670776,0.2183537781238556,0.9173066666666667,18.662487291992875
prior_draw_11,fixed,0.14399612455465047,700,0.14399612455465047,0.21251903474330902,0.21595269441604614,0.91832,19.429773625000962
prior_draw_11,fixed,0.14399612455465047,725,0.14399612455465047,0.21015958487987518,0.21354278922080994,0.9199466666666667,20.18615912499081
prior_draw_11,fixed,0.14399612455465047,750,0.14399612455465047,0.20739461481571198,0.2107095867395401,0.9205333333333333,20.95832958399842
prior_draw_11,adaptive,0.14399612455465047,25,0.19993790301730355,0.5172770619392395,0.5193228721618652,0.78392,1.4292933749966323
prior_draw_11,adaptive,0.14399612455465047,50,0.21431118319360526,0.45729053020477295,0.459911048412323,0.8046133333333333,3.8273593339981744
prior_draw_11,adaptive,0.14399612455465047,75,0.2202311104860784,0.41314783692359924,0.4157369136810303,0.8237866666666667,7.1927835419919575
prior_draw_11,adaptive,0.14399612455465047,100,0.22753893257848162,0.37788987159729004,0.3803175985813141,0.8414933333333333,11.536753459004103
prior_draw_11,adaptive,0.14399612455465047,125,0.23496418427171153,0.35142454504966736,0.35391268134117126,0.8548,16.82840708400181
prior_draw_11,adaptive,0.14399612455465047,150,0.2436777905026186,0.32842716574668884,0.3306492269039154,0.866,23.103617041997495
prior_draw_11,adaptive,0.14399612455465047,175,0.24762870919226657,0.3071552515029907,0.30896657705307007,0.8771733333333334,30.379144374994212
prior_draw_11,adaptive,0.14399612455465047,200,0.2523627398612169,0.2914392650127411,0.292766273021698,0.8835466666666667,38.87124412499543
prior_draw_11,adaptive,0.14399612455465047,225,0.25546903784461544,0.2775648832321167,0.2781631350517273,0.8910666666666667,48.34387104200141
prior_draw_11,adaptive,0.14399612455465047,250,0.26192533085018344,0.2590903639793396,0.2600291967391968,0.9003466666666666,58.861053667002125
prior_draw_11,adaptive,0.14399612455465047,275,0.2637693055304366,0.24851703643798828,0.24914908409118652,0.9049866666666667,70.45821899999282
prior_draw_11,adaptive,0.14399612455465047,300,0.2657937464814795,0.24023525416851044,0.24058353900909424,0.9092533333333334,83.03714174999914
prior_draw_11,adaptive,0.14399612455465047,325,0.2692116439378161,0.22981874644756317,0.23068015277385712,0.91304,95.43704954200075
prior_draw_11,adaptive,0.14399612455465047,350,0.2723419425176735,0.2238689810037613,0.22464914619922638,0.91584,109.26434100000188
prior_draw_11,adaptive,0.14399612455465047,375,0.2743270023257412,0.21649253368377686,0.21725428104400635,0.91904,123.19243283399555
prior_draw_11,adaptive,0.14399612455465047,400,0.2766409959523606,0.20990914106369019,0.2104414850473404,0.9215466666666666,138.16209837500355
prior_draw_11,adaptive,0.14399612455465047,425,0.27839788447927516,0.20416641235351562,0.2050553262233734,0.92384,154.04242749999685
prior_draw_11,adaptive,0.14399612455465047,450,0.2795470413553524,0.20019838213920593,0.20106995105743408,0.92576,171.7204267920024
prior_draw_11,adaptive,0.14399612455465047,475,0.2806028325151148,0.19627076387405396,0.19693318009376526,0.92776,189.14587849999953
prior_draw_11,adaptive,0.14399612455465047,500,0.2817266302668815,0.19271399080753326,0.1932184398174286,0.9286666666666666,208.53185745900555
prior_draw_11,adaptive,0.14399612455465047,525,0.28215394789567677,0.18973574042320251,0.19029057025909424,0.9304266666666666,228.45763891699607
prior_draw_11,adaptive,0.14399612455465047,550,0.2832777381927848,0.18630008399486542,0.18692585825920105,0.9311466666666667,248.76104579199455
prior_draw_11,adaptive,0.14399612455465047,575,0.28381114476192704,0.18292617797851562,0.18357762694358826,0.9322133333333333,269.3041777500039
prior_draw_11,adaptive,0.14399612455465047,600,0.2854783424380851,0.17953728139400482,0.18009424209594727,0.9338933333333334,290.8233737499977
prior_draw_11,adaptive,0.14399612455465047,625,0.28556964098513776,0.17665919661521912,0.17714552581310272,0.93488,314.38345433400536
prior_draw_11,adaptive,0.14399612455465047,650,0.2858593691054935,0.174925297498703,0.17547687888145447,0.9354133333333333,338.0219439170032
prior_draw_11,adaptive,0.14399612455465047,675,0.2865103561272294,0.17262281477451324,0.1732809692621231,0.9362933333333333,364.8489654589939
prior_draw_11,adaptive,0.14399612455465047,700,0.28781715816788184,0.17080631852149963,0.17168188095092773,0.9364266666666666,393.81193212499784
prior_draw_11,adaptive,0.14399612455465047,725,0.28882214290062647,0.16843801736831665,0.16948649287223816,0.9372266666666667,423.1654075419938
prior_draw_11,adaptive,0.14399612455465047,750,0.2892103021374243,0.16696839034557343,0.16805453598499298,0.93808,453.47632008399523
prior_draw_12,fixed,0.7580901256191636,25,0.7580901256191636,0.42589545249938965,0.42708897590637207,0.8366666666666667,0.7377392089983914
prior_draw_12,fixed,0.7580901256191636,50,0.7580901256191636,0.35769274830818176,0.3624492287635803,0.86544,1.441070959001081
prior_draw_12,fixed,0.7580901256191636,75,0.7580901256191636,0.31272855401039124,0.3182176351547241,0.8845866666666666,2.1588480420032283
prior_draw_12,fixed,0.7580901256191636,100,0.7580901256191636,0.2868379056453705,0.29238361120224,0.89528,2.862059541992494
prior_draw_12,fixed,0.7580901256191636,125,0.7580901256191636,0.26507264375686646,0.2724103033542633,0.9035733333333333,3.5554587920050835
prior_draw_12,fixed,0.7580901256191636,150,0.7580901256191636,0.24855563044548035,0.25726738572120667,0.9104266666666667,4.304110333992867
prior_draw_12,fixed,0.7580901256191636,175,0.7580901256191636,0.23408429324626923,0.24211260676383972,0.9164266666666666,5.0321523750026245
prior_draw_12,fixed,0.7580901256191636,200,0.7580901256191636,0.22369028627872467,0.23068401217460632,0.9219466666666667,5.77545212500263
prior_draw_12,fixed,0.7580901256191636,225,0.7580901256191636,0.21462558209896088,0.22155870497226715,0.9257066666666667,6.501790666996385
prior_draw_12,fixed,0.7580901256191636,250,0.7580901256191636,0.2086157351732254,0.21482419967651367,0.9288,7.202273167000385
prior_draw_12,fixed,0.7580901256191636,275,0.7580901256191636,0.20274195075035095,0.20884265005588531,0.9316,7.93883637500403
prior_draw_12,fixed,0.7580901256191636,300,0.7580901256191636,0.1983785778284073,0.20469658076763153,0.9330666666666667,8.639122042004601
prior_draw_12,fixed,0.7580901256191636,325,0.7580901256191636,0.19359765946865082,0.20069682598114014,0.93456,9.368630500001018
prior_draw_12,fixed,0.7580901256191636,350,0.7580901256191636,0.1919863522052765,0.1985468864440918,0.9354133333333333,10.085856000005151
prior_draw_12,fixed,0.7580901256191636,375,0.7580901256191636,0.18949590623378754,0.19615791738033295,0.93672,10.81416670899489
prior_draw_12,fixed,0.7580901256191636,400,0.7580901256191636,0.18765783309936523,0.19371479749679565,0.93712,11.554215124997427
prior_draw_12,fixed,0.7580901256191636,425,0.7580901256191636,0.1872825175523758,0.19243665039539337,0.93792,12.2668702499941
prior_draw_12,fixed,0.7580901256191636,450,0.7580901256191636,0.1856689304113388,0.19039803743362427,0.9379733333333333,12.98063970899966
prior_draw_12,fixed,0.7580901256191636,475,0.7580901256191636,0.1845432072877884,0.18896101415157318,0.9395466666666666,13.673847625002963
prior_draw_12,fixed,0.7580901256191636,500,0.7580901256191636,0.1839057356119156,0.1885172724723816,0.9399466666666667,14.375721042000805
prior_draw_12,fixed,0.7580901256191636,525,0.7580901256191636,0.18347971141338348,0.18734098970890045,0.9405066666666667,15.076843624992762
prior_draw_12,fixed,0.7580901256191636,550,0.7580901256191636,0.18194441497325897,0.18654650449752808,0.94128,15.788681916994392
prior_draw_12,fixed,0.7580901256191636,575,0.7580901256191636,0.18175606429576874,0.18636870384216309,0.9409866666666666,16.493173875001958
prior_draw_12,fixed,0.7580901256191636,600,0.7580901256191636,0.18142247200012207,0.18584463000297546,0.94152,17.1908446669986
prior_draw_12,fixed,0.7580901256191636,625,0.7580901256191636,0.18091458082199097,0.1852465569972992,0.9421066666666666,17.956692417006707
prior_draw_12,fixed,0.7580901256191636,650,0.7580901256191636,0.18051084876060486,0.18492664396762848,0.9425066666666667,18.65148658399994
prior_draw_12,fixed,0.7580901256191636,675,0.7580901256191636,0.18068481981754303,0.18503738939762115,0.9429866666666666,19.336093167003128
prior_draw_12,fixed,0.7580901256191636,700,0.7580901256191636,0.18053081631660461,0.18460609018802643,0.9433866666666667,20.016824167003506
prior_draw_12,fixed,0.7580901256191636,725,0.7580901256191636,0.18086594343185425,0.18491481244564056,0.9434666666666667,20.71252845900017
prior_draw_12,fixed,0.7580901256191636,750,0.7580901256191636,0.1807062178850174,0.1850178837776184,0.9436,21.39686525000434
prior_draw_12,adaptive,0.7580901256191636,25,0.8,0.41885125637054443,0.42109155654907227,0.83888,1.3826916249963688
prior_draw_12,adaptive,0.7580901256191636,50,0.8,0.34695199131965637,0.3515714704990387,0.86784,3.7565073749865405
prior_draw_12,adaptive,0.7580901256191636,75,0.8,0.2965705692768097,0.3016524612903595,0.8881066666666667,7.0537864999932935
prior_draw_12,adaptive,0.7580901256191636,100,0.8,0.26815637946128845,0.27273717522621155,0.9013866666666667,11.286409541993635
prior_draw_12,adaptive,0.7580901256191636,125,0.8,0.24681708216667175,0.25212204456329346,0.91168,16.446176792000188
prior_draw_12,adaptive,0.7580901256191636,150,0.8,0.23421664535999298,0.2388196885585785,0.9165066666666667,22.57394058299542
prior_draw_12,adaptive,0.7580901256191636,175,0.8,0.2220541089773178,0.2262003868818283,0.92144,29.892732874999638
prior_draw_12,adaptive,0.7580901256191636,200,0.8,0.21428845822811127,0.21779237687587738,0.92472,38.14077108299534
prior_draw_12,adaptive,0.7580901256191636,225,0.8,0.208330899477005,0.2125653177499771,0.9271466666666667,47.28341274999548
prior_draw_12,adaptive,0.7580901256191636,250,0.8,0.20291270315647125,0.20669668912887573,0.9303733333333334,57.389997916994616
prior_draw_12,adaptive,0.7580901256191636,275,0.7995732809170123,0.19775602221488953,0.20215386152267456,0.9315733333333334,68.34269137498632
prior_draw_12,adaptive,0.7580901256191636,300,0.7972106753986641,0.19422614574432373,0.1980065554380417,0.934,80.60696770799404
prior_draw_12,adaptive,0.7580901256191636,325,0.7978114415195044,0.19013838469982147,0.19462473690509796,0.93496,93.67317241699493
prior_draw_12,adaptive,0.7580901256191636,350,0.7994834732656205,0.18761564791202545,0.1918916404247284,0.9361866666666666,107.39695262500027
prior_draw_12,adaptive,0.7580901256191636,375,0.8,0.18449345231056213,0.1890241950750351,0.9373333333333334,121.86645741699613
prior_draw_12,adaptive,0.7580901256191636,400,0.8,0.1833612322807312,0.1878529191017151,0.9383466666666667,137.27056937498855
prior_draw_12,adaptive,0.7580901256191636,425,0.8,0.18141920864582062,0.18609166145324707,0.9390933333333333,154.0430351249961
prior_draw_12,adaptive,0.7580901256191636,450,0.7992536303707866,0.18098792433738708,0.1851988136768341,0.9395733333333334,171.9289918329887
prior_draw_12,adaptive,0.7580901256191636,475,0.797186558516964,0.18119315803050995,0.1847330629825592,0.94048,190.5501857079944
prior_draw_12,adaptive,0.7580901256191636,500,0.7979984841119223,0.1802901327610016,0.18380190432071686,0.9413866666666667,209.92470883298665
prior_draw_12,adaptive,0.7580901256191636,525,0.7977321436200765,0.17955346405506134,0.1833040565252304,0.9418933333333334,230.5553185829922
prior_draw_12,adaptive,0.7580901256191636,550,0.7966778258125197,0.1788494735956192,0.1830514818429947,0.942,252.21498516699648
prior_draw_12,adaptive,0.7580901256191636,575,0.7969558104243211,0.17863252758979797,0.18260794878005981,0.94184,274.4920500419976
prior_draw_12,adaptive,0.7580901256191636,600,0.7969890370969029,0.178646057844162,0.18255110085010529,0.9424266666666666,297.67102704198624
prior_draw_12,adaptive,0.7580901256191636,625,0.7969820371809007,0.17864660918712616,0.18280360102653503,0.94232,320.1604750419938
prior_draw_12,adaptive,0.7580901256191636,650,0.7968769973452039,0.17902106046676636,0.18253205716609955,0.9425066666666667,342.40408424999623
prior_draw_12,adaptive,0.7580901256191636,675,0.7966081991138438,0.17896030843257904,0.1824629306793213,0.9432,366.5229190419923
prior_draw_12,adaptive,0.7580901256191636,700,0.7965703858876386,0.17891520261764526,0.18269525468349457,0.9443733333333333,390.2831246249989
prior_draw_12,adaptive,0.7580901256191636,725,0.7963653751935558,0.1787560135126114,0.18263600766658783,0.9442666666666667,415.37063133298943
prior_draw_12,adaptive,0.7580901256191636,750,0.7956845377938111,0.1787557303905487,0.18223650753498077,0.9444266666666666,442.06746324998676
prior_draw_13,fixed,0.28972543141485485,25,0.28972543141485485,0.47067010402679443,0.47310584783554077,0.7986933333333334,0.6856697909970535
prior_draw_13,fixed,0.28972543141485485,50,0.28972543141485485,0.4166085422039032,0.4184108376502991,0.8210666666666666,1.3291604999976698
prior_draw_13,fixed,0.28972543141485485,75,0.28972543141485485,0.36983492970466614,0.37131109833717346,0.8461066666666667,2.0255427910014987
prior_draw_13,fixed,0.28972543141485485,100,0.28972543141485485,0.3418227732181549,0.3428742587566376,0.8592266666666667,2.716663832994527
prior_draw_13,fixed,0.28972543141485485,125,0.28972543141485485,0.31640076637268066,0.31660911440849304,0.8725866666666666,3.4165590409975266
prior_draw_13,fixed,0.28972543141485485,150,0.28972543141485485,0.2913513481616974,0.29219546914100647,0.8844533333333333,4.109684416005621
prior_draw_13,fixed,0.28972543141485485,175,0.28972543141485485,0.27633076906204224,0.27742087841033936,0.8916,4.783748041008948
prior_draw_13,fixed,0.28972543141485485,200,0.28972543141485485,0.2614673376083374,0.2632330656051636,0.8988,5.477453166007763
prior_draw_13,fixed,0.28972543141485485,225,0.28972543141485485,0.2510216534137726,0.2520921230316162,0.9038666666666667,6.173874375002924
prior_draw_13,fixed,0.28972543141485485,250,0.28972543141485485,0.24140653014183044,0.24243491888046265,0.90808,6.859648083001957
prior_draw_13,fixed,0.28972543141485485,275,0.28972543141485485,0.23242062330245972,0.23367556929588318,0.9119466666666667,7.529923207999673
prior_draw_13,fixed,0.28972543141485485,300,0.28972543141485485,0.2258448451757431,0.227157860994339,0.91392,8.208103665994713
prior_draw_13,fixed,0.28972543141485485,325,0.28972543141485485,0.2185659110546112,0.2203449159860611,0.9165866666666667,8.891870666004252
prior_draw_13,fixed,0.28972543141485485,350,0.28972543141485485,0.21276631951332092,0.21429862082004547,0.9197066666666667,9.636002540995833
prior_draw_13,fixed,0.28972543141485485,375,0.28972543141485485,0.20715677738189697,0.20872725546360016,0.9216,10.349198500000057
prior_draw_13,fixed,0.28972543141485485,400,0.28972543141485485,0.20282867550849915,0.2045843005180359,0.9234933333333334,11.03643833300157
prior_draw_13,fixed,0.28972543141485485,425,0.28972543141485485,0.1976240873336792,0.1995277851819992,0.92512,11.76102562500455
prior_draw_13,fixed,0.28972543141485485,450,0.28972543141485485,0.19280888140201569,0.19481176137924194,0.9272,12.473239750004723
prior_draw_13,fixed,0.28972543141485485,475,0.28972543141485485,0.1894207000732422,0.1913852095603943,0.92912,13.151959041002556
prior_draw_13,fixed,0.28972543141485485,500,0.28972543141485485,0.18621280789375305,0.1883310228586197,0.93016,13.824915250006597
prior_draw_13,fixed,0.28972543141485485,525,0.28972543141485485,0.1828828752040863,0.1851380616426468,0.93176,14.511616250005318
prior_draw_13,fixed,0.28972543141485485,550,0.28972543141485485,0.1795140653848648,0.18162378668785095,0.9332533333333334,15.214276333004818
prior_draw_13,fixed,0.28972543141485485,575,0.28972543141485485,0.1773696094751358,0.17917799949645996,0.9341866666666667,15.897987250005826
prior_draw_13,fixed,0.28972543141485485,600,0.28972543141485485,0.17569510638713837,0.17760013043880463,0.93496,16.58678145799786
prior_draw_13,fixed,0.28972543141485485,625,0.28972543141485485,0.1737087219953537,0.17570199072360992,0.9353866666666667,17.275893291007378
prior_draw_13,fixed,0.28972543141485485,650,0.28972543141485485,0.17104877531528473,0.17327140271663666,0.9365866666666667,18.057536166001228
prior_draw_13,fixed,0.28972543141485485,675,0.28972543141485485,0.16878673434257507,0.17114003002643585,0.9376266666666667,18.837600041006226
prior_draw_13,fixed,0.28972543141485485,700,0.28972543141485485,0.1669681966304779,0.1695803701877594,0.9377066666666667,19.60226362499816
prior_draw_13,fixed,0.28972543141485485,725,0.28972543141485485,0.16577906906604767,0.1682712733745575,0.9385866666666667,20.366190707994974
prior_draw_13,fixed,0.28972543141485485,750,0.28972543141485485,0.16427485644817352,0.16667531430721283,0.9394933333333333,21.117554333002772
prior_draw_13,adaptive,0.28972543141485485,25,0.40482677212153606,0.4579145908355713,0.4604000449180603,0.80392,1.4527208340005018
prior_draw_13,adaptive,0.28972543141485485,50,0.4794087209617058,0.3764932155609131,0.3791794776916504,0.84384,3.9935204590001376
prior_draw_13,adaptive,0.28972543141485485,75,0.5139738762265897,0.31843334436416626,0.32049253582954407,0.8708,7.497782584003289
prior_draw_13,adaptive,0.28972543141485485,100,0.5627072617418309,0.2763653099536896,0.2786221206188202,0.89128,12.036292749995482
prior_draw_13,adaptive,0.28972543141485485,125,0.5709753333744516,0.2478008270263672,0.24970389902591705,0.9035466666666667,17.514583541997126
prior_draw_13,adaptive,0.28972543141485485,150,0.5936112200208133,0.22942645847797394,0.23077140748500824,0.9106666666666666,24.000493125000503
prior_draw_13,adaptive,0.28972543141485485,175,0.6030996919597033,0.21680882573127747,0.2182743102312088,0.9163733333333334,31.47073529199406
prior_draw_13,adaptive,0.28972543141485485,200,0.6086867494466226,0.20475874841213226,0.20680704712867737,0.9207466666666667,40.05763012499665
prior_draw_13,adaptive,0.28972543141485485,225,0.6153106827953392,0.1961352676153183,0.1980779469013214,0.92448,49.599861374998
prior_draw_13,adaptive,0.28972543141485485,250,0.6232172320638552,0.18754158914089203,0.19017294049263,0.9278933333333333,60.10543629199674
prior_draw_13,adaptive,0.28972543141485485,275,0.6286549212936375,0.18082021176815033,0.18350636959075928,0.9312533333333334,71.72223416699853
prior_draw_13,adaptive,0.28972543141485485,300,0.6335712216560592,0.1756764054298401,0.17791275680065155,0.9343466666666667,84.39781687500363
prior_draw_13,adaptive,0.28972543141485485,325,0.6357933349826935,0.17111924290657043,0.172554150223732,0.9363733333333333,98.25540999999794
prior_draw_13,adaptive,0.28972543141485485,350,0.6382841023643357,0.16736388206481934,0.16919852793216705,0.9378133333333334,113.15907141700154
prior_draw_13,adaptive,0.28972543141485485,375,0.6392810057626811,0.1639104187488556,0.16605345904827118,0.9390933333333333,129.23917625000468
prior_draw_13,adaptive,0.28972543141485485,400,0.6393083581412925,0.16098947823047638,0.16375897824764252,0.9394666666666667,146.54063312499784
prior_draw_13,adaptive,0.28972543141485485,425,0.6385880335997413,0.15889747440814972,0.16149747371673584,0.9405066666666667,164.86946483400243
prior_draw_13,adaptive,0.28972543141485485,450,0.6410909313975041,0.15656007826328278,0.15970218181610107,0.9420266666666667,184.2162216249999
prior_draw_13,adaptive,0.28972543141485485,475,0.6417076238336887,0.15502211451530457,0.15773563086986542,0.9429333333333333,204.71503558399854
prior_draw_13,adaptive,0.28972543141485485,500,0.6390718695214043,0.1544196903705597,0.15694411098957062,0.9430933333333333,226.306797792
prior_draw_13,adaptive,0.28972543141485485,525,0.6385488472414752,0.15305966138839722,0.15560708940029144,0.9438933333333334,249.02467445899674
prior_draw_13,adaptive,0.28972543141485485,550,0.6388213468134101,0.1524738371372223,0.15525151789188385,0.9444533333333334,271.67483674999676
prior_draw_13,adaptive,0.28972543141485485,575,0.6397421864802437,0.1515122354030609,0.15420576930046082,0.94472,295.41077870900335
prior_draw_13,adaptive,0.28972543141485485,600,0.6390634704891843,0.1503382921218872,0.15334385633468628,0.94568,320.3015650419984
prior_draw_13,adaptive,0.28972543141485485,625,0.6397318713060703,0.14936025440692902,0.1523236781358719,0.9457333333333333,346.07717458400293
prior_draw_13,adaptive,0.28972543141485485,650,0.6392168912524672,0.14909592270851135,0.15238121151924133,0.9461333333333334,372.58683074999135
prior_draw_13,adaptive,0.28972543141485485,675,0.637571019486747,0.1491624265909195,0.15226395428180695,0.9463733333333333,401.47021604199836
prior_draw_13,adaptive,0.28972543141485485,700,0.6355207301202087,0.14855432510375977,0.15242239832878113,0.9467466666666666,431.4780330420035
prior_draw_13,adaptive,0.28972543141485485,725,0.6354326737951932,0.1486135870218277,0.15208902955055237,0.9468,462.277460458994
prior_draw_13,adaptive,0.28972543141485485,750,0.635329108241077,0.14834827184677124,0.15201963484287262,0.9472,494.0093187500024
prior_draw_14,fixed,0.25365837782099443,25,0.25365837782099443,0.4829210340976715,0.48502686619758606,0.79296,0.7591658330056816
prior_draw_14,fixed,0.25365837782099443,50,0.25365837782099443,0.4269970953464508,0.42908573150634766,0.8164533333333334,1.4917564159986796
prior_draw_14,fixed,0.25365837782099443,75,0.25365837782099443,0.38347893953323364,0.385768860578537,0.8396,2.2544952080061194
prior_draw_14,fixed,0.25365837782099443,100,0.25365837782099443,0.3544820547103882,0.3567192256450653,0.85304,3.014589665996027
prior_draw_14,fixed,0.25365837782099443,125,0.25365837782099443,0.3272070586681366,0.32941004633903503,0.8657066666666666,3.782699165996746
prior_draw_14,fixed,0.25365837782099443,150,0.25365837782099443,0.3092612624168396,0.31124743819236755,0.8736533333333333,4.545216750004329
prior_draw_14,fixed,0.25365837782099443,175,0.25365837782099443,0.29208818078041077,0.29433929920196533,0.8816533333333333,5.323731708005653
prior_draw_14,fixed,0.25365837782099443,200,0.25365837782099443,0.2787000238895416,0.2805587947368622,0.88816,6.086790957997437
prior_draw_14,fixed,0.25365837782099443,225,0.25365837782099443,0.2652195692062378,0.26676732301712036,0.8956,6.858742791009718
prior_draw_14,fixed,0.25365837782099443,250,0.25365837782099443,0.2545194625854492,0.25607019662857056,0.8994666666666666,7.621360749995802
prior_draw_14,fixed,0.25365837782099443,275,0.25365837782099443,0.2443723976612091,0.2453898936510086,0.9047733333333333,8.395705165996333
prior_draw_14,fixed,0.25365837782099443,300,0.25365837782099443,0.23702366650104523,0.23783016204833984,0.9081333333333333,9.170905457998742
prior_draw_14,fixed,0.25365837782099443,325,0.25365837782099443,0.22985754907131195,0.2309981733560562,0.9110933333333333,9.945974583009956
prior_draw_14,fixed,0.25365837782099443,350,0.25365837782099443,0.22125650942325592,0.22223515808582306,0.9159466666666667,10.715425583010074
prior_draw_14,fixed,0.25365837782099443,375,0.25365837782099443,0.21808494627475739,0.2189556211233139,0.9171466666666667,11.450268540997058
prior_draw_14,fixed,0.25365837782099443,400,0.25365837782099443,0.21268664300441742,0.21366406977176666,0.9196533333333333,12.218943291009055
prior_draw_14,fixed,0.25365837782099443,425,0.25365837782099443,0.20815573632717133,0.20926609635353088,0.9212266666666666,12.982475625001825
prior_draw_14,fixed,0.25365837782099443,450,0.25365837782099443,0.20247505605220795,0.2039094865322113,0.9230666666666667,13.752842875008355
prior_draw_14,fixed,0.25365837782099443,475,0.25365837782099443,0.19903232157230377,0.20027843117713928,0.9242133333333333,14.503950375001295
prior_draw_14,fixed,0.25365837782099443,500,0.25365837782099443,0.19565017521381378,0.19681710004806519,0.9260533333333333,15.25628158300242
prior_draw_14,fixed,0.25365837782099443,525,0.25365837782099443,0.19233788549900055,0.19333647191524506,0.92768,16.00472208300198
prior_draw_14,fixed,0.25365837782099443,550,0.25365837782099443,0.1884085088968277,0.1891881823539734,0.9298666666666666,16.772478958009742
prior_draw_14,fixed,0.25365837782099443,575,0.25365837782099443,0.18564216792583466,0.18650946021080017,0.9308,17.515387999999803
prior_draw_14,fixed,0.25365837782099443,600,0.25365837782099443,0.1831129789352417,0.18427661061286926,0.9309333333333333,18.282668083003955
prior_draw_14,fixed,0.25365837782099443,625,0.25365837782099443,0.1804926097393036,0.18177393078804016,0.93208,19.039274583003134
prior_draw_14,fixed,0.25365837782099443,650,0.25365837782099443,0.1784515529870987,0.17963315546512604,0.9336,19.79963883300661
prior_draw_14,fixed,0.25365837782099443,675,0.25365837782099443,0.17655207216739655,0.17780821025371552,0.9345866666666667,20.55833754100604
prior_draw_14,fixed,0.25365837782099443,700,0.25365837782099443,0.17415641248226166,0.17512169480323792,0.9359466666666667,21.326512708008522
prior_draw_14,fixed,0.25365837782099443,725,0.25365837782099443,0.17285141348838806,0.17368732392787933,0.9363733333333333,22.069488000008278
prior_draw_14,fixed,0.25365837782099443,750,0.25365837782099443,0.17015062272548676,0.17125216126441956,0.93744,22.827088500009268
prior_draw_14,adaptive,0.25365837782099443,25,0.35646155955947056,0.4690033197402954,0.4709172248840332,0.8004266666666666,1.4253452500124695
prior_draw_14,adaptive,0.25365837782099443,50,0.4109765825686042,0.38583871722221375,0.3876888155937195,0.83904,3.9312470410077367
prior_draw_14,adaptive,0.25365837782099443,75,0.42542240319432806,0.33348581194877625,0.33634838461875916,0.86336,7.377325791007024
prior_draw_14,adaptive,0.25365837782099443,100,0.45769503108396753,0.29947134852409363,0.30291134119033813,0.8791733333333334,11.801378583011683
prior_draw_14,adaptive,0.25365837782099443,125,0.4678083000950258,0.2688649594783783,0.27178213000297546,0.8949333333333334,17.207311541002127
prior_draw_14,adaptive,0.25365837782099443,150,0.47739339541345144,0.2472122609615326,0.2500822842121124,0.9043466666666666,23.573545375009417
prior_draw_14,adaptive,0.25365837782099443,175,0.4848618686043927,0.23314924538135529,0.23527754843235016,0.9093866666666667,31.044600916007767
prior_draw_14,adaptive,0.25365837782099443,200,0.4928200251507054,0.22095650434494019,0.22324275970458984,0.9150933333333333,39.7347716660006
prior_draw_14,adaptive,0.25365837782099443,225,0.5018617537075543,0.20774246752262115,0.2102099359035492,0.9210666666666667,49.3225175000116
prior_draw_14,adaptive,0.25365837782099443,250,0.5083403753790211,0.1990431249141693,0.201878622174263,0.9245333333333333,60.03054137500294
prior_draw_14,adaptive,0.25365837782099443,275,0.5103106089380469,0.19154880940914154,0.1945830136537552,0.9273066666666666,71.73498812501202
prior_draw_14,adaptive,0.25365837782099443,300,0.5151418941233591,0.1847856491804123,0.18742063641548157,0.9297066666666667,83.45879670800059
prior_draw_14,adaptive,0.25365837782099443,325,0.5184971868189174,0.17967888712882996,0.18231944739818573,0.9324266666666666,95.00589466599922
prior_draw_14,adaptive,0.25365837782099443,350,0.5215799158950442,0.17455771565437317,0.1776854544878006,0.934,107.31646104100219
prior_draw_14,adaptive,0.25365837782099443,375,0.5214322568467143,0.17178602516651154,0.17519809305667877,0.9347466666666666,120.63568575000681
prior_draw_14,adaptive,0.25365837782099443,400,0.5241093779518703,0.16846872866153717,0.17246952652931213,0.93536,135.29103916601161
prior_draw_14,adaptive,0.25365837782099443,425,0.5244265811062007,0.16489432752132416,0.16851213574409485,0.93656,150.86860941600753
prior_draw_14,adaptive,0.25365837782099443,450,0.5251760302925634,0.16155315935611725,0.16515739262104034,0.93776,167.6080133330106
prior_draw_14,adaptive,0.25365837782099443,475,0.5247879976101841,0.15967828035354614,0.16392327845096588,0.93864,186.68867004101048
prior_draw_14,adaptive,0.25365837782099443,500,0.5250336757732813,0.15708735585212708,0.16131484508514404,0.9400533333333333,207.58901104101096
prior_draw_14,adaptive,0.25365837782099443,525,0.5243701404259197,0.15530836582183838,0.15939520299434662,0.9411466666666667,227.7357255829993
prior_draw_14,adaptive,0.25365837782099443,550,0.5244854244640028,0.15411578118801117,0.15828467905521393,0.9413333333333334,248.69233670800168
prior_draw_14,adaptive,0.25365837782099443,575,0.5246744904883787,0.15252692997455597,0.1567789763212204,0.94264,269.2350189580029
prior_draw_14,adaptive,0.25365837782099443,600,0.5236669371126008,0.1508644074201584,0.154900461435318,0.9433066666666666,290.7175345830037
prior_draw_14,adaptive,0.25365837782099443,625,0.5233174651598301,0.15042389929294586,0.1541949063539505,0.9436533333333333,313.79104629100766
prior_draw_14,adaptive,0.25365837782099443,650,0.524101056367864,0.14927326142787933,0.15338262915611267,0.94392,340.5929246250016
prior_draw_14,adaptive,0.25365837782099443,675,0.5237865255559556,0.14916837215423584,0.15312471985816956,0.9438933333333334,368.42727754100633
prior_draw_14,adaptive,0.25365837782099443,700,0.5241745220800149,0.14857342839241028,0.15264570713043213,0.94368,397.22631591600657
prior_draw_14,adaptive,0.25365837782099443,725,0.524667838244317,0.14797694981098175,0.1520729660987854,0.9441066666666666,427.12739954100107
prior_draw_14,adaptive,0.25365837782099443,750,0.524927572605089,0.14776434004306793,0.15177039802074432,0.9445066666666667,458.16918720801186
prior_draw_15,fixed,0.2028722393431973,25,0.2028722393431973,0.49836426973342896,0.5015743374824524,0.78808,0.7526402910007164
prior_draw_15,fixed,0.2028722393431973,50,0.2028722393431973,0.4473447799682617,0.4508723020553589,0.80592,1.4620789159962442
prior_draw_15,fixed,0.2028722393431973,75,0.2028722393431973,0.40965428948402405,0.41246557235717773,0.82488,2.18112533299427
prior_draw_15,fixed,0.2028722393431973,100,0.2028722393431973,0.37768375873565674,0.3801334500312805,0.8438133333333333,2.919040832988685
prior_draw_15,fixed,0.2028722393431973,125,0.2028722393431973,0.35281088948249817,0.35522618889808655,0.8546933333333333,3.6725221249944298
prior_draw_15,fixed,0.2028722393431973,150,0.2028722393431973,0.3349684476852417,0.3369733989238739,0.8623733333333333,4.420405790995574
prior_draw_15,fixed,0.2028722393431973,175,0.2028722393431973,0.31838512420654297,0.3208097219467163,0.8699466666666666,5.186950415998581
prior_draw_15,fixed,0.2028722393431973,200,0.2028722393431973,0.30293533205986023,0.3052161931991577,0.8769066666666666,5.938227833001292
prior_draw_15,fixed,0.2028722393431973,225,0.2028722393431973,0.2866784930229187,0.288928747177124,0.88456,6.702073458000086
prior_draw_15,fixed,0.2028722393431973,250,0.2028722393431973,0.2740050256252289,0.27613285183906555,0.89112,7.472832665996975
prior_draw_15,fixed,0.2028722393431973,275,0.2028722393431973,0.26557353138923645,0.2671724855899811,0.8961333333333333,8.237033957993845
prior_draw_15,fixed,0.2028722393431973,300,0.2028722393431973,0.25697633624076843,0.25853708386421204,0.8997866666666666,8.996389457999612
prior_draw_15,fixed,0.2028722393431973,325,0.2028722393431973,0.24790403246879578,0.24944190680980682,0.90456,9.760422124993056
prior_draw_15,fixed,0.2028722393431973,350,0.2028722393431973,0.24176937341690063,0.2434413731098175,0.9072,10.512559290989884
prior_draw_15,fixed,0.2028722393431973,375,0.2028722393431973,0.23622344434261322,0.23762750625610352,0.9089333333333334,11.267767457989976
prior_draw_15,fixed,0.2028722393431973,400,0.2028722393431973,0.2308066338300705,0.23232316970825195,0.9116266666666667,12.02807116600161
prior_draw_15,fixed,0.2028722393431973,425,0.2028722393431973,0.225643128156662,0.22704093158245087,0.91376,12.786919665988535
prior_draw_15,fixed,0.2028722393431973,450,0.2028722393431973,0.2211044281721115,0.22244088351726532,0.91552,13.546414790995186
prior_draw_15,fixed,0.2028722393431973,475,0.2028722393431973,0.21728071570396423,0.21869643032550812,0.91728,14.296404041000642
prior_draw_15,fixed,0.2028722393431973,500,0.2028722393431973,0.21276508271694183,0.2142043560743332,0.9194666666666667,15.042714290990261
prior_draw_15,fixed,0.2028722393431973,525,0.2028722393431973,0.20905503630638123,0.21049052476882935,0.92152,15.786158791001071
prior_draw_15,fixed,0.2028722393431973,550,0.2028722393431973,0.2052178978919983,0.20670631527900696,0.9228533333333333,16.540477749993443
prior_draw_15,fixed,0.2028722393431973,575,0.2028722393431973,0.20066973567008972,0.2019161432981491,0.9250933333333333,17.318786582996836
prior_draw_15,fixed,0.2028722393431973,600,0.2028722393431973,0.1969437301158905,0.19808082282543182,0.9263466666666667,18.09347916599654
prior_draw_15,fixed,0.2028722393431973,625,0.2028722393431973,0.19407956302165985,0.19494479894638062,0.92792,18.842164082991076
prior_draw_15,fixed,0.2028722393431973,650,0.2028722393431973,0.19283051788806915,0.19358466565608978,0.92816,19.58933462499408
prior_draw_15,fixed,0.2028722393431973,675,0.2028722393431973,0.1906285136938095,0.19160205125808716,0.9292533333333334,20.337465499993414
prior_draw_15,fixed,0.2028722393431973,700,0.2028722393431973,0.1888178139925003,0.18998849391937256,0.9296266666666667,21.120541957992828
prior_draw_15,fixed,0.2028722393431973,725,0.2028722393431973,0.1864369660615921,0.187857523560524,0.93056,21.904869207995944
prior_draw_15,fixed,0.2028722393431973,750,0.2028722393431973,0.1837964653968811,0.18514198064804077,0.9313066666666666,22.650031957993633
prior_draw_15,adaptive,0.2028722393431973,25,0.27957483862268523,0.48193803429603577,0.48561447858810425,0.7930933333333333,1.4506415420037229
prior_draw_15,adaptive,0.2028722393431973,50,0.3154852148099187,0.4225224554538727,0.42625337839126587,0.81936,3.8763571250019595
prior_draw_15,adaptive,0.2028722393431973,75,0.3405492473844364,0.36651936173439026,0.3702988922595978,0.8467733333333334,7.2604352079943055
prior_draw_15,adaptive,0.2028722393431973,100,0.36444339856500657,0.32988256216049194,0.3335123062133789,0.8638666666666667,11.751764083004673
prior_draw_15,adaptive,0.2028722393431973,125,0.37341955681951305,0.30007943511009216,0.3039582669734955,0.8785866666666666,17.203603333007777
prior_draw_15,adaptive,0.2028722393431973,150,0.3924814175921241,0.270544171333313,0.27398481965065,0.8931466666666666,23.632479958003387
prior_draw_15,adaptive,0.2028722393431973,175,0.39966292990303315,0.2520260810852051,0.2543801963329315,0.90128,31.026137624998228
prior_draw_15,adaptive,0.2028722393431973,200,0.40920923409795634,0.23881056904792786,0.24140174686908722,0.9080266666666666,39.37698499999533
prior_draw_15,adaptive,0.2028722393431973,225,0.41478419066025907,0.22527390718460083,0.22763632237911224,0.91352,48.712132458007545
prior_draw_15,adaptive,0.2028722393431973,250,0.4192465726657284,0.21554845571517944,0.218107208609581,0.918,59.001903291995404
prior_draw_15,adaptive,0.2028722393431973,275,0.42046496926114246,0.2081863284111023,0.21022473275661469,0.92072,69.75594745800481
prior_draw_15,adaptive,0.2028722393431973,300,0.4245794401026572,0.19963949918746948,0.20176085829734802,0.92384,80.44743487500818
prior_draw_15,adaptive,0.2028722393431973,325,0.4262455292347142,0.1940421760082245,0.196004718542099,0.9274666666666667,91.84400395800185
prior_draw_15,adaptive,0.2028722393431973,350,0.42764488741789386,0.18848617374897003,0.19036753475666046,0.9302133333333333,104.32514620800794
prior_draw_15,adaptive,0.2028722393431973,375,0.42921016633827735,0.18284796178340912,0.18418186902999878,0.9322133333333333,117.50359837499855
prior_draw_15,adaptive,0.2028722393431973,400,0.43316137507183516,0.17836043238639832,0.1798805594444275,0.9336533333333333,132.45759862499835
prior_draw_15,adaptive,0.2028722393431973,425,0.4339772047377101,0.1747322976589203,0.17589622735977173,0.9349866666666666,147.94666591699934
prior_draw_15,adaptive,0.2028722393431973,450,0.4354292011065062,0.17075692117214203,0.17168767750263214,0.9370933333333333,164.80453545799537
prior_draw_15,adaptive,0.2028722393431973,475,0.4363068353628797,0.1676759123802185,0.16864131391048431,0.9383733333333333,182.09607095799583
prior_draw_15,adaptive,0.2028722393431973,500,0.438267374408347,0.16441504657268524,0.16545744240283966,0.9394666666666667,202.42719108299934
prior_draw_15,adaptive,0.2028722393431973,525,0.43936686158449056,0.16248027980327606,0.1637813001871109,0.9400266666666667,224.50521745800506
prior_draw_15,adaptive,0.2028722393431973,550,0.439360619621855,0.15995153784751892,0.1609671413898468,0.9414933333333333,248.0611355000001
prior_draw_15,adaptive,0.2028722393431973,575,0.43991122572694946,0.15797193348407745,0.15914328396320343,0.9421333333333334,272.02770299999975
prior_draw_15,adaptive,0.2028722393431973,600,0.4401924566191203,0.1562875211238861,0.1571173369884491,0.94304,296.8545124999946
prior_draw_15,adaptive,0.2028722393431973,625,0.44067994932834914,0.1548791378736496,0.15568861365318298,0.9437066666666667,323.45849800000724
prior_draw_15,adaptive,0.2028722393431973,650,0.4411134398306054,0.15362311899662018,0.1542315036058426,0.9444,350.87144575000275
prior_draw_15,adaptive,0.2028722393431973,675,0.4413328725038592,0.1523796021938324,0.15312866866588593,0.9446933333333334,379.415051457996
prior_draw_15,adaptive,0.2028722393431973,700,0.44179507850689326,0.15140385925769806,0.1516953408718109,0.9446933333333334,408.2832088750001
prior_draw_15,adaptive,0.2028722393431973,725,0.4414847074122936,0.15043239295482635,0.15064381062984467,0.9450133333333334,435.85381641700224
prior_draw_15,adaptive,0.2028722393431973,750,0.4417141246410252,0.14976142346858978,0.15008315443992615,0.9451733333333333,463.46676212499733
prior_draw_16,fixed,0.16507068845153322,25,0.16507068845153322,0.5193834900856018,0.521356463432312,0.7844266666666667,0.6754287499934435
prior_draw_16,fixed,0.16507068845153322,50,0.16507068845153322,0.4610674977302551,0.46298864483833313,0.8024533333333334,1.3235884579917183
prior_draw_16,fixed,0.16507068845153322,75,0.16507068845153322,0.4318530261516571,0.43427368998527527,0.81464,1.957507874991279
prior_draw_16,fixed,0.16507068845153322,100,0.16507068845153322,0.40336310863494873,0.40571328997612,0.8288266666666667,2.628770416995394
prior_draw_16,fixed,0.16507068845153322,125,0.16507068845153322,0.3822912871837616,0.3843573331832886,0.8397066666666667,3.305898291990161
prior_draw_16,fixed,0.16507068845153322,150,0.16507068845153322,0.35960280895233154,0.3609701693058014,0.8516,3.993550208004308
prior_draw_16,fixed,0.16507068845153322,175,0.16507068845153322,0.3436233103275299,0.34465959668159485,0.8594133333333334,4.706769208001788
prior_draw_16,fixed,0.16507068845153322,200,0.16507068845153322,0.32797423005104065,0.32883691787719727,0.8675466666666667,5.3959187919972464
prior_draw_16,fixed,0.16507068845153322,225,0.16507068845153322,0.31415894627571106,0.31497687101364136,0.87376,6.082892124992213
prior_draw_16,fixed,0.16507068845153322,250,0.16507068845153322,0.30198514461517334,0.3029532730579376,0.8792533333333333,6.757266917004017
prior_draw_16,fixed,0.16507068845153322,275,0.16507068845153322,0.29098832607269287,0.2921203076839447,0.8840533333333334,7.437274666997837
prior_draw_16,fixed,0.16507068845153322,300,0.16507068845153322,0.2804250121116638,0.2816218435764313,0.88904,8.131012832993292
prior_draw_16,fixed,0.16507068845153322,325,0.16507068845153322,0.2707774341106415,0.27197909355163574,0.8939466666666667,8.806486792003852
prior_draw_16,fixed,0.16507068845153322,350,0.16507068845153322,0.2630872130393982,0.2643686532974243,0.8976266666666667,9.486020957992878
prior_draw_16,fixed,0.16507068845153322,375,0.16507068845153322,0.2546786963939667,0.25621381402015686,0.9014133333333333,10.186730667002848
prior_draw_16,fixed,0.16507068845153322,400,0.16507068845153322,0.2490071803331375,0.2502754032611847,0.9040533333333334,10.860733791996608
prior_draw_16,fixed,0.16507068845153322,425,0.16507068845153322,0.24229390919208527,0.24349729716777802,0.9081866666666667,11.548485249993973
prior_draw_16,fixed,0.16507068845153322,450,0.16507068845153322,0.23746024072170258,0.23889093101024628,0.9096,12.234809582994785
prior_draw_16,fixed,0.16507068845153322,475,0.16507068845153322,0.23331448435783386,0.2347717136144638,0.9114666666666666,12.90215337499103
prior_draw_16,fixed,0.16507068845153322,500,0.16507068845153322,0.22922778129577637,0.23075301945209503,0.91312,13.569960124994395
prior_draw_16,fixed,0.16507068845153322,525,0.16507068845153322,0.22490796446800232,0.22662025690078735,0.9154666666666667,14.251836041992647
prior_draw_16,fixed,0.16507068845153322,550,0.16507068845153322,0.22059252858161926,0.22242161631584167,0.9173866666666667,14.966055208002217
prior_draw_16,fixed,0.16507068845153322,575,0.16507068845153322,0.21703550219535828,0.2187058925628662,0.9190666666666667,15.646281749999616
prior_draw_16,fixed,0.16507068845153322,600,0.16507068845153322,0.21362224221229553,0.21530966460704803,0.9203466666666666,16.32034254199243
prior_draw_16,fixed,0.16507068845153322,625,0.16507068845153322,0.21032772958278656,0.21202947199344635,0.9213866666666667,17.000268457995844
prior_draw_16,fixed,0.16507068845153322,650,0.16507068845153322,0.20784538984298706,0.20940183103084564,0.9225333333333333,17.67379683299805
prior_draw_16,fixed,0.16507068845153322,675,0.16507068845153322,0.20421668887138367,0.20577149093151093,0.9239733333333333,18.360464083001716
prior_draw_16,fixed,0.16507068845153322,700,0.16507068845153322,0.20158620178699493,0.20289970934391022,0.92512,19.036719583004015
prior_draw_16,fixed,0.16507068845153322,725,0.16507068845153322,0.19864213466644287,0.19986587762832642,0.9260266666666667,19.710093749992666
prior_draw_16,fixed,0.16507068845153322,750,0.16507068845153322,0.19586549699306488,0.1971990466117859,0.92696,20.4168252919917
prior_draw_16,adaptive,0.16507068845153322,25,0.22951736725608168,0.5033989548683167,0.5051113367080688,0.7884266666666667,1.286308333001216
prior_draw_16,adaptive,0.16507068845153322,50,0.2590212111503727,0.43687933683395386,0.43846672773361206,0.8141066666666666,3.495535000009113
prior_draw_16,adaptive,0.16507068845153322,75,0.2761765713324554,0.38918811082839966,0.39143165946006775,0.83624,6.579163917005644
prior_draw_16,adaptive,0.16507068845153322,100,0.2878645822989997,0.3539658784866333,0.35558265447616577,0.85456,10.554930500002229
prior_draw_16,adaptive,0.16507068845153322,125,0.2962691267804584,0.3254961371421814,0.3271375894546509,0.86872,15.433480167004745
prior_draw_16,adaptive,0.16507068845153322,150,0.3087044155594649,0.29940009117126465,0.30065715312957764,0.8801333333333333,21.026936042006128
prior_draw_16,adaptive,0.16507068845153322,175,0.31579847158334345,0.2787174582481384,0.28041785955429077,0.8898133333333333,27.759482417008257
prior_draw_16,adaptive,0.16507068845153322,200,0.3227477576005097,0.26226815581321716,0.26422634720802307,0.8966666666666666,35.344626624995726
prior_draw_16,adaptive,0.16507068845153322,225,0.3252793450797458,0.2482200264930725,0.2502840757369995,0.90344,43.83056966699951
prior_draw_16,adaptive,0.16507068845153322,250,0.32987790643032494,0.23390890657901764,0.23601177334785461,0.91,53.047512292003375
prior_draw_16,adaptive,0.16507068845153322,275,0.333793241504292,0.2234889566898346,0.22556036710739136,0.91448,63.15447720800876
prior_draw_16,adaptive,0.16507068845153322,300,0.3374828581729238,0.21585291624069214,0.21844224631786346,0.9168,74.15464154200163
prior_draw_16,adaptive,0.16507068845153322,325,0.33858100893551324,0.2087155282497406,0.2111218273639679,0.91952,86.13900670800649
prior_draw_16,adaptive,0.16507068845153322,350,0.34108229269138163,0.20286162197589874,0.20506885647773743,0.92264,99.08834945800481
prior_draw_16,adaptive,0.16507068845153322,375,0.3442219483378746,0.19634036719799042,0.19852663576602936,0.9253333333333333,112.85149195800477
prior_draw_16,adaptive,0.16507068845153322,400,0.3461289922086204,0.19020020961761475,0.19255724549293518,0.92744,127.4675179580081
prior_draw_16,adaptive,0.16507068845153322,425,0.3463071759971311,0.18642228841781616,0.18861982226371765,0.92936,143.04078987499815
prior_draw_16,adaptive,0.16507068845153322,450,0.3479735863824018,0.1823151856660843,0.18456335365772247,0.9307733333333333,159.55730754199612
prior_draw_16,adaptive,0.16507068845153322,475,0.3493422267502,0.17877636849880219,0.18104122579097748,0.9321866666666667,176.90890950000903
prior_draw_16,adaptive,0.16507068845153322,500,0.35041074303418734,0.17513124644756317,0.17752133309841156,0.9334133333333333,195.5898390000075
prior_draw_16,adaptive,0.16507068845153322,525,0.35115262832819155,0.17157860100269318,0.17404568195343018,0.9350933333333333,215.08121704199584
prior_draw_16,adaptive,0.16507068845153322,550,0.3520164986095546,0.1693856120109558,0.17117410898208618,0.9369066666666667,235.28955100000894
prior_draw_16,adaptive,0.16507068845153322,575,0.3523585400597355,0.16784369945526123,0.16957737505435944,0.93728,256.35161366700777
prior_draw_16,adaptive,0.16507068845153322,600,0.3530061365025515,0.16603387892246246,0.16794349253177643,0.9378933333333334,278.2385979170067
prior_draw_16,adaptive,0.16507068845153322,625,0.35365409082821403,0.16343674063682556,0.16604119539260864,0.9382133333333333,301.1679994169972
prior_draw_16,adaptive,0.16507068845153322,650,0.353874222349205,0.1615554541349411,0.16406896710395813,0.9392533333333334,324.9387687080016
prior_draw_16,adaptive,0.16507068845153322,675,0.3542507027918357,0.1599295288324356,0.16236340999603271,0.94,349.89443862500775
prior_draw_16,adaptive,0.16507068845153322,700,0.35440368960805,0.15812143683433533,0.16067872941493988,0.9401066666666666,377.0842106670025
prior_draw_16,adaptive,0.16507068845153322,725,0.3548703297474846,0.15639148652553558,0.15916067361831665,0.9409066666666667,403.84975049999775
prior_draw_16,adaptive,0.16507068845153322,750,0.3552668869454686,0.15519151091575623,0.1580171138048172,0.9420266666666667,432.4366079169995
prior_draw_17,fixed,0.36176960757866555,25,0.36176960757866555,0.4456923305988312,0.4497341811656952,0.80592,0.671506083002896
prior_draw_17,fixed,0.36176960757866555,50,0.36176960757866555,0.37707090377807617,0.3812917470932007,0.84152,1.355617583001731
prior_draw_17,fixed,0.36176960757866555,75,0.36176960757866555,0.3376217186450958,0.3414247930049896,0.8603733333333333,2.0354683329933323
prior_draw_17,fixed,0.36176960757866555,100,0.36176960757866555,0.30277708172798157,0.30648693442344666,0.876,2.728766000000178
prior_draw_17,fixed,0.36176960757866555,125,0.36176960757866555,0.2803631126880646,0.2840978503227234,0.88696,3.4379267079930287
prior_draw_17,fixed,0.36176960757866555,150,0.36176960757866555,0.259704053401947,0.26322686672210693,0.8968,4.128796958000748
prior_draw_17,fixed,0.36176960757866555,175,0.36176960757866555,0.24641411006450653,0.2502237558364868,0.902,4.812605957995402
prior_draw_17,fixed,0.36176960757866555,200,0.36176960757866555,0.234628364443779,0.2389594316482544,0.9069866666666667,5.49216266599251
prior_draw_17,fixed,0.36176960757866555,225,0.36176960757866555,0.22462843358516693,0.22870779037475586,0.91208,6.178243999995175
prior_draw_17,fixed,0.36176960757866555,250,0.36176960757866555,0.21546797454357147,0.219279944896698,0.9170933333333333,6.8778180410008645
prior_draw_17,fixed,0.36176960757866555,275,0.36176960757866555,0.20780763030052185,0.21170547604560852,0.9202133333333333,7.588463332998799
prior_draw_17,fixed,0.36176960757866555,300,0.36176960757866555,0.2022511214017868,0.20594650506973267,0.9235466666666666,8.271652665993315
prior_draw_17,fixed,0.36176960757866555,325,0.36176960757866555,0.19714994728565216,0.2003687024116516,0.9254133333333333,8.96735604100104
prior_draw_17,fixed,0.36176960757866555,350,0.36176960757866555,0.19192296266555786,0.19565604627132416,0.9274133333333333,9.655329207991599
prior_draw_17,fixed,0.36176960757866555,375,0.36176960757866555,0.1871839463710785,0.19135087728500366,0.9289333333333334,10.35489679100283
prior_draw_17,fixed,0.36176960757866555,400,0.36176960757866555,0.18349698185920715,0.18806877732276917,0.93048,11.031064665992744
prior_draw_17,fixed,0.36176960757866555,425,0.36176960757866555,0.17981839179992676,0.1843990683555603,0.93128,11.721082374991965
prior_draw_17,fixed,0.36176960757866555,450,0.36176960757866555,0.17627458274364471,0.18073852360248566,0.9329333333333333,12.410918166002375
prior_draw_17,fixed,0.36176960757866555,475,0.36176960757866555,0.17361973226070404,0.177897647023201,0.9340266666666667,13.094184790999861
prior_draw_17,fixed,0.36176960757866555,500,0.36176960757866555,0.17073287069797516,0.175297349691391,0.93488,13.765750291000586
prior_draw_17,fixed,0.36176960757866555,525,0.36176960757866555,0.1682501882314682,0.1728295385837555,0.93552,14.450188249989878
prior_draw_17,fixed,0.36176960757866555,550,0.36176960757866555,0.16575132310390472,0.1703885793685913,0.9369066666666667,15.140638124998077
prior_draw_17,fixed,0.36176960757866555,575,0.36176960757866555,0.16372668743133545,0.16806764900684357,0.9379466666666667,15.815055624989327
prior_draw_17,fixed,0.36176960757866555,600,0.36176960757866555,0.16186383366584778,0.16619127988815308,0.93864,16.50711570799467
prior_draw_17,fixed,0.36176960757866555,625,0.36176960757866555,0.16060680150985718,0.16481554508209229,0.93928,17.195154082990484
prior_draw_17,fixed,0.36176960757866555,650,0.36176960757866555,0.1591818481683731,0.16370579600334167,0.9398666666666666,17.87924637499964
prior_draw_17,fixed,0.36176960757866555,675,0.36176960757866555,0.15737688541412354,0.16238324344158173,0.94072,18.57058733300073
prior_draw_17,fixed,0.36176960757866555,700,0.36176960757866555,0.15630501508712769,0.16135841608047485,0.9412266666666667,19.23589070799062
prior_draw_17,fixed,0.36176960757866555,725,0.36176960757866555,0.15536253154277802,0.15996862947940826,0.94176,19.920497040991904
prior_draw_17,fixed,0.36176960757866555,750,0.36176960757866555,0.15414172410964966,0.15870371460914612,0.9423466666666667,20.596970040991437
prior_draw_17,adaptive,0.36176960757866555,25,0.5053820550376915,0.43206360936164856,0.43621158599853516,0.814,1.2960982080112444
prior_draw_17,adaptive,0.36176960757866555,50,0.6238777738759229,0.34311917424201965,0.34578484296798706,0.8578933333333333,3.520073042003787
prior_draw_17,adaptive,0.36176960757866555,75,0.6601486045830938,0.28992798924446106,0.29274874925613403,0.8822933333333334,6.675886083001387
prior_draw_17,adaptive,0.36176960757866555,100,0.7032680628910046,0.24937556684017181,0.25384601950645447,0.9023733333333334,10.7136371670058
prior_draw_17,adaptive,0.36176960757866555,125,0.7197295072750738,0.2268001288175583,0.23145754635334015,0.9109066666666666,15.631821625007433
prior_draw_17,adaptive,0.36176960757866555,150,0.7303454332751311,0.2104530930519104,0.2146739512681961,0.9182133333333333,21.39116583300347
prior_draw_17,adaptive,0.36176960757866555,175,0.7332767444667309,0.19633233547210693,0.19987186789512634,0.9241333333333334,28.082142583007226
prior_draw_17,adaptive,0.36176960757866555,200,0.7453801472308592,0.1865939348936081,0.1908261924982071,0.92768,35.79309366700181
prior_draw_17,adaptive,0.36176960757866555,225,0.7483046861844369,0.17953017354011536,0.1824532002210617,0.9310933333333333,44.6156586670113
prior_draw_17,adaptive,0.36176960757866555,250,0.7454014279089018,0.17569293081760406,0.17849400639533997,0.9330133333333334,54.074307708011474
prior_draw_17,adaptive,0.36176960757866555,275,0.7474570622762076,0.17056351900100708,0.1734330654144287,0.9359466666666667,64.28035695799917
prior_draw_17,adaptive,0.36176960757866555,300,0.7457842184000619,0.1666959673166275,0.16948296129703522,0.9376,75.57834166700195
prior_draw_17,adaptive,0.36176960757866555,325,0.7456046492905927,0.16281746327877045,0.1659332513809204,0.9397866666666667,88.06486350001069
prior_draw_17,adaptive,0.36176960757866555,350,0.7495603505419933,0.16029177606105804,0.16385778784751892,0.9406933333333334,101.59696904200246
prior_draw_17,adaptive,0.36176960757866555,375,0.7505900574515989,0.15834574401378632,0.1616862267255783,0.9417066666666667,115.83800445801171
prior_draw_17,adaptive,0.36176960757866555,400,0.7467172580130952,0.15700632333755493,0.16024914383888245,0.94224,130.47132437500113
prior_draw_17,adaptive,0.36176960757866555,425,0.7464225878381298,0.15535913407802582,0.1587916761636734,0.9427466666666666,145.87766754200857
prior_draw_17,adaptive,0.36176960757866555,450,0.7437287340659895,0.15357209742069244,0.1575956642627716,0.944,162.28035825000552
prior_draw_17,adaptive,0.36176960757866555,475,0.7440181787332365,0.15297940373420715,0.1572873890399933,0.9443733333333333,180.1961400420114
prior_draw_17,adaptive,0.36176960757866555,500,0.7451191099420451,0.15236319601535797,0.1562991887331009,0.9448266666666667,198.2807643749984
prior_draw_17,adaptive,0.36176960757866555,525,0.7442585431102234,0.1517009139060974,0.15583369135856628,0.9450666666666667,217.0292034580052
prior_draw_17,adaptive,0.36176960757866555,550,0.7438060335054626,0.15152065455913544,0.15562193095684052,0.9458666666666666,236.53956320800353
prior_draw_17,adaptive,0.36176960757866555,575,0.7434743662936096,0.15092860162258148,0.15558500587940216,0.94656,257.1699014580081
prior_draw_17,adaptive,0.36176960757866555,600,0.7435114862392278,0.15102888643741608,0.15575021505355835,0.9466666666666667,278.83017995800765
prior_draw_17,adaptive,0.36176960757866555,625,0.7429622197499083,0.15076768398284912,0.15589724481105804,0.94656,301.75544745801017
prior_draw_17,adaptive,0.36176960757866555,650,0.7404773617330858,0.15044279396533966,0.15519192814826965,0.9468533333333333,325.3750367920002
prior_draw_17,adaptive,0.36176960757866555,675,0.7399830151418704,0.15056250989437103,0.15536640584468842,0.9473333333333334,349.72971725001116
prior_draw_17,adaptive,0.36176960757866555,700,0.7406687823263706,0.15054918825626373,0.15556149184703827,0.94768,375.23592729200027
prior_draw_17,adaptive,0.36176960757866555,725,0.7412228969279498,0.1506892740726471,0.1555938571691513,0.9476266666666666,401.38253720800276
prior_draw_17,adaptive,0.36176960757866555,750,0.7375588330011202,0.15082387626171112,0.15568438172340393,0.9481066666666667,428.78309062500193
prior_draw_18,fixed,0.22704964221064544,25,0.22704964221064544,0.49130353331565857,0.4959549009799957,0.7895733333333333,0.6989352500095265
prior_draw_18,fixed,0.22704964221064544,50,0.22704964221064544,0.4408388137817383,0.44457343220710754,0.80816,1.3727174580126302
prior_draw_18,fixed,0.22704964221064544,75,0.22704964221064544,0.40024757385253906,0.4030608832836151,0.82912,2.052640041001723
prior_draw_18,fixed,0.22704964221064544,100,0.22704964221064544,0.3688215911388397,0.37146759033203125,0.8455733333333333,2.7658355410094373
prior_draw_18,fixed,0.22704964221064544,125,0.22704964221064544,0.3426086902618408,0.34517478942871094,0.86024,3.4501346250035567
prior_draw_18,fixed,0.22704964221064544,150,0.22704964221064544,0.3201363682746887,0.3224013149738312,0.8702133333333333,4.162725416012108
prior_draw_18,fixed,0.22704964221064544,175,0.22704964221064544,0.29984068870544434,0.30149930715560913,0.8801866666666667,4.8683052500127815
prior_draw_18,fixed,0.22704964221064544,200,0.22704964221064544,0.2857343852519989,0.28743645548820496,0.8862933333333334,5.570024791013566
prior_draw_18,fixed,0.22704964221064544,225,0.22704964221064544,0.2742244005203247,0.27626121044158936,0.8915466666666667,6.2852009160124
prior_draw_18,fixed,0.22704964221064544,250,0.22704964221064544,0.26270943880081177,0.26471754908561707,0.89712,6.987643000000389
prior_draw_18,fixed,0.22704964221064544,275,0.22704964221064544,0.25077036023139954,0.25268372893333435,0.9032533333333334,7.71276600001147
prior_draw_18,fixed,0.22704964221064544,300,0.22704964221064544,0.24418866634368896,0.24584585428237915,0.90584,8.399415833002422
prior_draw_18,fixed,0.22704964221064544,325,0.22704964221064544,0.2365543246269226,0.23828619718551636,0.90944,9.133604708011262
prior_draw_18,fixed,0.22704964221064544,350,0.22704964221064544,0.2320229411125183,0.23358437418937683,0.9109066666666666,9.833181833004346
prior_draw_18,fixed,0.22704964221064544,375,0.22704964221064544,0.22598549723625183,0.2274671047925949,0.9133333333333333,10.543129000012414
prior_draw_18,fixed,0.22704964221064544,400,0.22704964221064544,0.22010812163352966,0.2215804159641266,0.91672,11.248186083001201
prior_draw_18,fixed,0.22704964221064544,425,0.22704964221064544,0.21488700807094574,0.21655906736850739,0.91888,11.96762216600473
prior_draw_18,fixed,0.22704964221064544,450,0.22704964221064544,0.2098090797662735,0.2115589827299118,0.9206133333333333,12.673732458002632
prior_draw_18,fixed,0.22704964221064544,475,0.22704964221064544,0.2053905874490738,0.2072782665491104,0.92256,13.375367541011656
prior_draw_18,fixed,0.22704964221064544,500,0.22704964221064544,0.2018423229455948,0.20387427508831024,0.924,14.06584362500871
prior_draw_18,fixed,0.22704964221064544,525,0.22704964221064544,0.19817928969860077,0.20032981038093567,0.92512,14.789116375002777
prior_draw_18,fixed,0.22704964221064544,550,0.22704964221064544,0.1941702663898468,0.1963462233543396,0.9270666666666667,15.493271833009203
prior_draw_18,fixed,0.22704964221064544,575,0.22704964221064544,0.19053010642528534,0.19256901741027832,0.92856,16.203596583000035
prior_draw_18,fixed,0.22704964221064544,600,0.22704964221064544,0.18798492848873138,0.18991948664188385,0.92952,16.886975750006968
prior_draw_18,fixed,0.22704964221064544,625,0.22704964221064544,0.18490596115589142,0.18653161823749542,0.9305866666666667,17.60753208301321
prior_draw_18,fixed,0.22704964221064544,650,0.22704964221064544,0.18228580057621002,0.18392649292945862,0.9318666666666666,18.3271095000091
prior_draw_18,fixed,0.22704964221064544,675,0.22704964221064544,0.18044732511043549,0.18213419616222382,0.9327466666666666,19.00788541600923
prior_draw_18,fixed,0.22704964221064544,700,0.22704964221064544,0.17872364819049835,0.18035359680652618,0.9328,19.72328187500534
prior_draw_18,fixed,0.22704964221064544,725,0.22704964221064544,0.1766185164451599,0.17837929725646973,0.93384,20.40464887500275
prior_draw_18,fixed,0.22704964221064544,750,0.22704964221064544,0.17434802651405334,0.17647723853588104,0.9344,21.12036862500827
prior_draw_18,adaptive,0.22704964221064544,25,0.31204892681290564,0.47522634267807007,0.47940969467163086,0.7946933333333334,1.2988197500089882
prior_draw_18,adaptive,0.22704964221064544,50,0.36770900411020474,0.40701404213905334,0.4103522002696991,0.82856,3.4805999170057476
prior_draw_18,adaptive,0.22704964221064544,75,0.3931416736590501,0.3474992513656616,0.3493712544441223,0.8565066666666666,6.633987083012471
prior_draw_18,adaptive,0.22704964221064544,100,0.4072827038112321,0.3112172484397888,0.31263771653175354,0.8732,10.657762625007308
prior_draw_18,adaptive,0.22704964221064544,125,0.42037960603910735,0.2825579047203064,0.28439077734947205,0.8868,15.517973667010665
prior_draw_18,adaptive,0.22704964221064544,150,0.4307410724910416,0.2619284987449646,0.26349499821662903,0.8962933333333334,21.25662304200523
prior_draw_18,adaptive,0.22704964221064544,175,0.439276619031709,0.2435787171125412,0.2449411004781723,0.9062666666666667,27.903945583006134
prior_draw_18,adaptive,0.22704964221064544,200,0.44866092553367637,0.22987963259220123,0.2313217669725418,0.91096,35.6629707920074
prior_draw_18,adaptive,0.22704964221064544,225,0.4506704568617769,0.21878594160079956,0.22015473246574402,0.91632,44.49330225000449
prior_draw_18,adaptive,0.22704964221064544,250,0.4542713140877382,0.20930983126163483,0.21115028858184814,0.91952,54.36890845801099
prior_draw_18,adaptive,0.22704964221064544,275,0.45515886291978125,0.20114850997924805,0.20329822599887848,0.9225066666666667,65.1778207919997
prior_draw_18,adaptive,0.22704964221064544,300,0.45953464813063755,0.19329054653644562,0.19588394463062286,0.92544,77.63792837501387
prior_draw_18,adaptive,0.22704964221064544,325,0.4638489079186296,0.18782950937747955,0.19026552140712738,0.92792,90.80288829200435
prior_draw_18,adaptive,0.22704964221064544,350,0.4651069630357,0.18275991082191467,0.18538020551204681,0.9302933333333333,103.88429300001008
prior_draw_18,adaptive,0.22704964221064544,375,0.4671590511445317,0.17796841263771057,0.18065288662910461,0.9324,118.07991916700848
prior_draw_18,adaptive,0.22704964221064544,400,0.46903757654303935,0.17405608296394348,0.1763751357793808,0.93424,133.19120166701032
prior_draw_18,adaptive,0.22704964221064544,425,0.4699390099106839,0.17002083361148834,0.17186595499515533,0.93552,149.39475862499967
prior_draw_18,adaptive,0.22704964221064544,450,0.4719230752412941,0.1668483316898346,0.16933895647525787,0.9373866666666667,166.31528408300073
prior_draw_18,adaptive,0.22704964221064544,475,0.47287334892001814,0.1638287752866745,0.166449174284935,0.9377333333333333,184.23918600000616
prior_draw_18,adaptive,0.22704964221064544,500,0.47466682363055385,0.16246779263019562,0.16492965817451477,0.9383733333333333,203.23600104200887
prior_draw_18,adaptive,0.22704964221064544,525,0.47648046320277304,0.15992838144302368,0.1624835729598999,0.9400266666666667,223.54530875000637
prior_draw_18,adaptive,0.22704964221064544,550,0.4778247479743313,0.15742841362953186,0.16026102006435394,0.94072,244.85956008300127
prior_draw_18,adaptive,0.22704964221064544,575,0.4786413922259035,0.15569603443145752,0.15868639945983887,0.9417066666666667,266.9634190830111
prior_draw_18,adaptive,0.22704964221064544,600,0.4806163409504438,0.15341812372207642,0.15637531876564026,0.9423466666666667,289.75106425001286
prior_draw_18,adaptive,0.22704964221064544,625,0.48125697722627,0.15187591314315796,0.15543587505817413,0.9425333333333333,313.0079140000016
prior_draw_18,adaptive,0.22704964221064544,650,0.48151657764737615,0.1504068821668625,0.1540963351726532,0.9438933333333334,337.42297487500764
prior_draw_18,adaptive,0.22704964221064544,675,0.4818412700573241,0.14988534152507782,0.15358971059322357,0.94376,362.90450812500785
prior_draw_18,adaptive,0.22704964221064544,700,0.48277507945997994,0.1488661766052246,0.15261328220367432,0.9441866666666666,388.7322176250018
prior_draw_18,adaptive,0.22704964221064544,725,0.48346094039272264,0.14790768921375275,0.15175393223762512,0.9449333333333333,415.61817754201184
prior_draw_18,adaptive,0.22704964221064544,750,0.48417525133975686,0.14740857481956482,0.15122902393341064,0.9449866666666666,443.6070964170067
prior_draw_19,fixed,0.17479494764372833,25,0.17479494764372833,0.5151453018188477,0.5174233913421631,0.7841066666666666,0.6857611249870388
prior_draw_19,fixed,0.17479494764372833,50,0.17479494764372833,0.4610300064086914,0.464145302772522,0.8018933333333333,1.3636919999989914
prior_draw_19,fixed,0.17479494764372833,75,0.17479494764372833,0.4278024733066559,0.4311756491661072,0.8166666666666667,2.0387752919923514
prior_draw_19,fixed,0.17479494764372833,100,0.17479494764372833,0.3968487083911896,0.399873286485672,0.83272,2.726077957995585
prior_draw_19,fixed,0.17479494764372833,125,0.17479494764372833,0.37266722321510315,0.3752225637435913,0.8444533333333333,3.4363484579953365
prior_draw_19,fixed,0.17479494764372833,150,0.17479494764372833,0.34922319650650024,0.351270467042923,0.85792,4.197377082993626
prior_draw_19,fixed,0.17479494764372833,175,0.17479494764372833,0.3339444398880005,0.3359863758087158,0.8634133333333334,4.942157582991058
prior_draw_19,fixed,0.17479494764372833,200,0.17479494764372833,0.3186139464378357,0.32042452692985535,0.8704,5.680406499988749
prior_draw_19,fixed,0.17479494764372833,225,0.17479494764372833,0.3061756193637848,0.3079289197921753,0.8765866666666666,6.396554624996497
prior_draw_19,fixed,0.17479494764372833,250,0.17479494764372833,0.29394620656967163,0.29546257853507996,0.8832,7.148652416988625
prior_draw_19,fixed,0.17479494764372833,275,0.17479494764372833,0.28156378865242004,0.28297552466392517,0.8894133333333333,7.878362167000887
prior_draw_19,fixed,0.17479494764372833,300,0.17479494764372833,0.2731059789657593,0.27457094192504883,0.89352,8.577386832999764
prior_draw_19,fixed,0.17479494764372833,325,0.17479494764372833,0.2652532160282135,0.26681557297706604,0.89792,9.29677062499104
prior_draw_19,fixed,0.17479494764372833,350,0.17479494764372833,0.25680673122406006,0.25837674736976624,0.90096,10.047219082989614
prior_draw_19,fixed,0.17479494764372833,375,0.17479494764372833,0.2512750029563904,0.25282686948776245,0.9034933333333334,10.779461999991327
prior_draw_19,fixed,0.17479494764372833,400,0.17479494764372833,0.24458706378936768,0.24629679322242737,0.9057333333333333,11.523357792000752
prior_draw_19,fixed,0.17479494764372833,425,0.17479494764372833,0.23804984986782074,0.23967422544956207,0.90864,12.277326208000886
prior_draw_19,fixed,0.17479494764372833,450,0.17479494764372833,0.23336729407310486,0.23500770330429077,0.9107733333333333,13.018379624991212
prior_draw_19,fixed,0.17479494764372833,475,0.17479494764372833,0.2279273420572281,0.22958797216415405,0.91336,13.764458124991506
prior_draw_19,fixed,0.17479494764372833,500,0.17479494764372833,0.22336989641189575,0.22531546652317047,0.9150933333333333,14.5004316669947
prior_draw_19,fixed,0.17479494764372833,525,0.17479494764372833,0.2189139574766159,0.2209276258945465,0.9168,15.235438541989424
prior_draw_19,fixed,0.17479494764372833,550,0.17479494764372833,0.214560866355896,0.21679037809371948,0.9184533333333333,15.987148791988147
prior_draw_19,fixed,0.17479494764372833,575,0.17479494764372833,0.2105032354593277,0.21281059086322784,0.9203466666666666,16.740196082988405
prior_draw_19,fixed,0.17479494764372833,600,0.17479494764372833,0.20719678699970245,0.20942281186580658,0.92176,17.477290707989596
prior_draw_19,fixed,0.17479494764372833,625,0.17479494764372833,0.204260915517807,0.2065040022134781,0.9230933333333333,18.22755979199428
prior_draw_19,fixed,0.17479494764372833,650,0.17479494764372833,0.20158497989177704,0.20380166172981262,0.92408,18.948786374996416
prior_draw_19,fixed,0.17479494764372833,675,0.17479494764372833,0.19931823015213013,0.20139198005199432,0.9246133333333333,19.63185591698857
prior_draw_19,fixed,0.17479494764372833,700,0.17479494764372833,0.19621479511260986,0.1981429010629654,0.9262666666666667,20.354614041993045
prior_draw_19,fixed,0.17479494764372833,725,0.17479494764372833,0.1939081996679306,0.19601444900035858,0.92704,21.069462332990952
prior_draw_19,fixed,0.17479494764372833,750,0.17479494764372833,0.19115737080574036,0.19326697289943695,0.9282133333333333,21.755370582992327
prior_draw_19,adaptive,0.17479494764372833,25,0.2441515960197897,0.49727094173431396,0.5004010200500488,0.7905333333333333,1.2613957919966197
prior_draw_19,adaptive,0.17479494764372833,50,0.2692613078027101,0.43300485610961914,0.43551114201545715,0.8160533333333333,3.4340452079923125
prior_draw_19,adaptive,0.17479494764372833,75,0.2800689751368717,0.3883143961429596,0.38963770866394043,0.8385866666666667,6.505926166995778
prior_draw_19,adaptive,0.17479494764372833,100,0.3046144781126022,0.3506566286087036,0.3514832556247711,0.8562133333333334,10.441013541989378
prior_draw_19,adaptive,0.17479494764372833,125,0.3157920181931762,0.3188704550266266,0.31998389959335327,0.8718666666666667,15.283769207992009
prior_draw_19,adaptive,0.17479494764372833,150,0.32618464195983193,0.291465699672699,0.29282066226005554,0.88408,20.969872624991694
prior_draw_19,adaptive,0.17479494764372833,175,0.3372634301079043,0.27045196294784546,0.271999329328537,0.89488,27.70664195799327
prior_draw_19,adaptive,0.17479494764372833,200,0.3429484496924253,0.25702354311943054,0.2587471902370453,0.90016,35.4629554580024
prior_draw_19,adaptive,0.17479494764372833,225,0.3487396299014541,0.2408313751220703,0.2425726056098938,0.9077066666666667,43.94065429198963
prior_draw_19,adaptive,0.17479494764372833,250,0.35339283894997947,0.22945620119571686,0.2317257821559906,0.9121866666666667,53.50777204199403
prior_draw_19,adaptive,0.17479494764372833,275,0.35542783193648747,0.22140051424503326,0.22305989265441895,0.91584,63.80585495800187
prior_draw_19,adaptive,0.17479494764372833,300,0.35941559441878157,0.21283729374408722,0.214572474360466,0.9193066666666667,74.7359612500004
prior_draw_19,adaptive,0.17479494764372833,325,0.3610141487907209,0.2049059420824051,0.20643870532512665,0.92232,86.69082920798974
prior_draw_19,adaptive,0.17479494764372833,350,0.36343243343507686,0.19863711297512054,0.1998818963766098,0.9252533333333334,99.82768512499752
prior_draw_19,adaptive,0.17479494764372833,375,0.3645104489271442,0.1937042474746704,0.19498653709888458,0.9270133333333334,113.97936070799187
prior_draw_19,adaptive,0.17479494764372833,400,0.36724352042974184,0.18689383566379547,0.1881197988986969,0.9297866666666667,129.40640924999025
prior_draw_19,adaptive,0.17479494764372833,425,0.3682415812600048,0.18251854181289673,0.18345481157302856,0.9313866666666667,145.31877608298964
prior_draw_19,adaptive,0.17479494764372833,450,0.3694486425352074,0.1787796914577484,0.17990119755268097,0.932,162.2529707079957
prior_draw_19,adaptive,0.17479494764372833,475,0.3695541577676268,0.1761060506105423,0.1773122102022171,0.93264,179.72590387499076
prior_draw_19,adaptive,0.17479494764372833,500,0.3704741266830104,0.1736902892589569,0.17467783391475677,0.9340533333333333,198.24915595799393
prior_draw_19,adaptive,0.17479494764372833,525,0.3712572158592937,0.17106741666793823,0.17245715856552124,0.9348,217.97687499999302
prior_draw_19,adaptive,0.17479494764372833,550,0.37175448443202797,0.1692514419555664,0.17061248421669006,0.9352533333333334,238.77335612499155
prior_draw_19,adaptive,0.17479494764372833,575,0.37256581710788783,0.16600938141345978,0.16739687323570251,0.93712,260.9205355000013
prior_draw_19,adaptive,0.17479494764372833,600,0.3730156039918172,0.16436880826950073,0.16533029079437256,0.9379466666666667,284.0433879579941
prior_draw_19,adaptive,0.17479494764372833,625,0.3740287613066511,0.16231104731559753,0.16341617703437805,0.9382133333333333,308.0569387079886
prior_draw_19,adaptive,0.17479494764372833,650,0.3750801040098915,0.16011549532413483,0.16162316501140594,0.9394666666666667,332.99794920800196
prior_draw_19,adaptive,0.17479494764372833,675,0.3748403986272468,0.15857939422130585,0.15989698469638824,0.9406133333333333,359.2667883749964
prior_draw_19,adaptive,0.17479494764372833,700,0.37552927117345875,0.1568770408630371,0.15826323628425598,0.9419466666666667,386.58405516699713
prior_draw_19,adaptive,0.17479494764372833,725,0.37588615132365916,0.15500544011592865,0.1561875194311142,0.9424266666666666,414.42265254199447
prior_draw_19,adaptive,0.17479494764372833,750,0.375737032268127,0.1539517492055893,0.15505972504615784,0.94288,443.2875931669987
prior_median,fixed,0.15491933384829668,25,0.15491933384829668,0.5272136330604553,0.5291295051574707,0.7813866666666667,0.6981965419981861
prior_median,fixed,0.15491933384829668,50,0.15491933384829668,0.4684063494205475,0.47089317440986633,0.8007733333333333,1.3606672500027344
prior_median,fixed,0.15491933384829668,75,0.15491933384829668,0.4357677698135376,0.4382135272026062,0.81296,2.0241192919929745
prior_median,fixed,0.15491933384829668,100,0.15491933384829668,0.41009634733200073,0.41227492690086365,0.8254933333333333,2.708372041990515
prior_median,fixed,0.15491933384829668,125,0.15491933384829668,0.38917088508605957,0.3915558457374573,0.8368266666666667,3.4025538330024574
prior_median,fixed,0.15491933384829668,150,0.15491933384829668,0.3692728579044342,0.3714466989040375,0.8475733333333333,4.100576874989201
prior_median,fixed,0.15491933384829668,175,0.15491933384829668,0.35076838731765747,0.35301998257637024,0.8556533333333334,4.79942562499491
prior_median,fixed,0.15491933384829668,200,0.15491933384829668,0.33370277285575867,0.33616209030151367,0.8632266666666667,5.519618582999101
prior_median,fixed,0.15491933384829668,225,0.15491933384829668,0.3219895362854004,0.3241713047027588,0.86952,6.223659707990009
prior_median,fixed,0.15491933384829668,250,0.15491933384829668,0.30978888273239136,0.311952143907547,0.8748,6.937563499988755
prior_median,fixed,0.15491933384829668,275,0.15491933384829668,0.2990153133869171,0.30115583539009094,0.8796533333333333,7.641805874998681
prior_median,fixed,0.15491933384829668,300,0.15491933384829668,0.2880992889404297,0.29006707668304443,0.8852266666666667,8.381158249991131
prior_median,fixed,0.15491933384829668,325,0.15491933384829668,0.27974411845207214,0.281639039516449,0.88824,9.092481832994963
prior_median,fixed,0.15491933384829668,350,0.15491933384829668,0.27170270681381226,0.27376416325569153,0.89208,9.79303654198884
prior_median,fixed,0.15491933384829668,375,0.15491933384829668,0.26615795493125916,0.2681163549423218,0.8947733333333333,10.489521249997779
prior_median,fixed,0.15491933384829668,400,0.15491933384829668,0.2573970854282379,0.2593214511871338,0.8995466666666667,11.213411999997334
prior_median,fixed,0.15491933384829668,425,0.15491933384829668,0.25252240896224976,0.25444117188453674,0.9013066666666667,11.903982416988583
prior_median,fixed,0.15491933384829668,450,0.15491933384829668,0.24596437811851501,0.24795296788215637,0.90432,12.627002875000471
prior_median,fixed,0.15491933384829668,475,0.15491933384829668,0.23962146043777466,0.24162447452545166,0.90648,13.331500416999916
prior_median,fixed,0.15491933384829668,500,0.15491933384829668,0.23387284576892853,0.23607702553272247,0.90976,14.045700666989433
prior_median,fixed,0.15491933384829668,525,0.15491933384829668,0.2298865169286728,0.2321571409702301,0.9118933333333333,14.741625791997649
prior_median,fixed,0.15491933384829668,550,0.15491933384829668,0.2256600558757782,0.22769400477409363,0.9141066666666666,15.451891082993825
prior_median,fixed,0.15491933384829668,575,0.15491933384829668,0.22248247265815735,0.22447249293327332,0.9150933333333333,16.141791707996163
prior_median,fixed,0.15491933384829668,600,0.15491933384829668,0.21891403198242188,0.22087791562080383,0.91656,16.84163341698877
prior_median,fixed,0.15491933384829668,625,0.15491933384829668,0.21442244946956635,0.21647721529006958,0.91832,17.579076082998654
prior_median,fixed,0.15491933384829668,650,0.15491933384829668,0.2119133323431015,0.21408073604106903,0.9192533333333334,18.279166624997742
prior_median,fixed,0.15491933384829668,675,0.15491933384829668,0.2092304229736328,0.21136805415153503,0.9204,18.97613349999301
prior_median,fixed,0.15491933384829668,700,0.15491933384829668,0.20624378323554993,0.20840798318386078,0.9212,19.6823690829915
prior_median,fixed,0.15491933384829668,725,0.15491933384829668,0.20364831387996674,0.2059248834848404,0.9222933333333333,20.38466954199248
prior_median,fixed,0.15491933384829668,750,0.15491933384829668,0.2011009156703949,0.203525111079216,0.92376,21.077198166996823
prior_median,adaptive,0.15491933384829668,25,0.21646509072620423,0.5104427933692932,0.5126272439956665,0.7862133333333333,1.2941629169945372
prior_median,adaptive,0.15491933384829668,50,0.24025778738909184,0.4443265497684479,0.4464258849620819,0.8115466666666666,3.4965859999938402
prior_median,adaptive,0.15491933384829668,75,0.2478811917220139,0.40097692608833313,0.40306979417800903,0.83088,6.542002208996564
prior_median,adaptive,0.15491933384829668,100,0.26385026148156915,0.3603350520133972,0.36195462942123413,0.85264,10.396597958999337
prior_median,adaptive,0.15491933384829668,125,0.27110312459335273,0.33373650908470154,0.33501631021499634,0.86616,15.125173624997842
prior_median,adaptive,0.15491933384829668,150,0.281574225587222,0.30975595116615295,0.3108731508255005,0.8760266666666666,20.87699058400176
prior_median,adaptive,0.15491933384829668,175,0.28764817218567584,0.289474219083786,0.29085785150527954,0.8862133333333333,27.50561187499261
prior_median,adaptive,0.15491933384829668,200,0.29717259626653936,0.2704934775829315,0.2718707323074341,0.8938933333333333,35.07290249998914
prior_median,adaptive,0.15491933384829668,225,0.2987682305439737,0.25540125370025635,0.25680890679359436,0.9004,43.269403541999054
prior_median,adaptive,0.15491933384829668,250,0.30214502903532037,0.24613851308822632,0.247376948595047,0.90456,52.60263649999979
prior_median,adaptive,0.15491933384829668,275,0.306117476834846,0.23419687151908875,0.23559650778770447,0.9095466666666666,62.69364199999836
prior_median,adaptive,0.15491933384829668,300,0.31012560133408873,0.22512395679950714,0.22690382599830627,0.91328,73.97196466699825
prior_median,adaptive,0.15491933384829668,325,0.31255265834442086,0.2174617350101471,0.2190335988998413,0.91664,85.91471266699955
prior_median,adaptive,0.15491933384829668,350,0.31469340915958854,0.20933789014816284,0.21033236384391785,0.92112,99.11812566699518
prior_median,adaptive,0.15491933384829668,375,0.3168726401948158,0.2034154236316681,0.2043294757604599,0.92344,113.0032784169889
prior_median,adaptive,0.15491933384829668,400,0.3191482861463121,0.19718624651432037,0.19869862496852875,0.9258666666666666,127.91464712499874
prior_median,adaptive,0.15491933384829668,425,0.32088018249617756,0.19216541945934296,0.1937197595834732,0.92792,143.70379329199204
prior_median,adaptive,0.15491933384829668,450,0.3226306836158299,0.18863745033740997,0.19025565683841705,0.9298133333333334,160.33528233399556
prior_median,adaptive,0.15491933384829668,475,0.3237958584705431,0.18407320976257324,0.18534421920776367,0.9326666666666666,177.96285795899166
prior_median,adaptive,0.15491933384829668,500,0.3244358404187977,0.18105539679527283,0.18246565759181976,0.9330133333333334,196.3834427089896
prior_median,adaptive,0.15491933384829668,525,0.3253875917679274,0.17738647758960724,0.1791108399629593,0.9342933333333333,216.02167320899025
prior_median,adaptive,0.15491933384829668,550,0.3277895846151386,0.1739315241575241,0.17580173909664154,0.93488,237.9061819589988
prior_median,adaptive,0.15491933384829668,575,0.3281239524532194,0.17091797292232513,0.17270122468471527,0.9369333333333333,260.833412958993
prior_median,adaptive,0.15491933384829668,600,0.329355827914504,0.16899283230304718,0.17094647884368896,0.9369333333333333,284.57353383400186
prior_median,adaptive,0.15491933384829668,625,0.32944748866057605,0.1678168773651123,0.16926783323287964,0.9374666666666667,309.440372291996
prior_median,adaptive,0.15491933384829668,650,0.3304432084954387,0.1658320277929306,0.16704224050045013,0.93848,335.21795854199445
prior_median,adaptive,0.15491933384829668,675,0.330927231668842,0.16360388696193695,0.1651139110326767,0.9394933333333333,362.21755570899404
prior_median,adaptive,0.15491933384829668,700,0.3313953880116416,0.1614372283220291,0.16323375701904297,0.9401333333333334,390.32508174999384
prior_median,adaptive,0.15491933384829668,725,0.33142649717467704,0.16043195128440857,0.1621938943862915,0.9404533333333334,419.88331762499
prior_median,adaptive,0.15491933384829668,750,0.3314405558293734,0.15933029353618622,0.16100169718265533,0.9414666666666667,449.52383383399865
